date,window,signal_day,eval_day,rank,code,name,entry_price,exit_price,expected_return_5d,actual_return,miss_by,failure_type,main_factor,main_interpretation,evidence_count
2026-05-15,1D,2026-05-14,2026-05-15,2,046890,서울반도체,18280,16120,0.0,-11.82,-11.82,absolute_loss,volume_drop,거래량 급감 (-47.8%) — 관심 식음,3
2026-05-15,1D,2026-05-14,2026-05-15,3,144960,뉴파워프라즈마,11630,10750,0.0,-7.57,-7.57,absolute_loss,volume_drop,거래량 급감 (-87.7%) — 관심 식음,2
2026-05-15,1D,2026-05-14,2026-05-15,7,000720,현대건설,169300,155000,0.0,-8.45,-8.45,absolute_loss,volume_drop,거래량 급감 (-32.3%) — 관심 식음,4
2026-05-15,1D,2026-05-14,2026-05-15,8,042700,한미반도체,409500,369000,0.0,-9.89,-9.89,absolute_loss,flow_weakening,외국인/기관 매수상위 제외 — 수급 약화 추정,2
2026-05-15,1D,2026-05-14,2026-05-15,9,035420,NAVER,213000,203500,0.0,-4.46,-4.46,absolute_loss,volume_drop,거래량 급감 (-37.7%) — 관심 식음,4
2026-05-15,1D,2026-05-14,2026-05-15,14,272210,한화시스템,116100,104300,0.0,-10.16,-10.16,absolute_loss,flow_weakening,외국인/기관 매수상위 제외 — 수급 약화 추정,3
2026-05-15,1D,2026-05-14,2026-05-15,1,005930,삼성전자,296000,270500,0.0,-8.61,-8.61,absolute_loss,flow_weakening,외국인/기관 매수상위 제외 — 수급 약화 추정,2
2026-05-15,1D,2026-05-14,2026-05-15,4,440110,파두,103500,100100,0.0,-3.29,-3.29,absolute_loss,intraday_reversal,갭상승 후 장중 하락 (-3.93%) — 매도세 우세,1
2026-05-15,1D,2026-05-14,2026-05-15,5,028050,삼성E&A,54700,50600,0.0,-7.5,-7.5,absolute_loss,flow_weakening,외국인/기관 매수상위 제외 — 수급 약화 추정,2
2026-05-15,1D,2026-05-14,2026-05-15,12,014910,성문전자,3365,2785,0.0,-17.24,-17.24,absolute_loss,volume_drop,거래량 급감 (-78.8%) — 관심 식음,3
2026-05-15,1D,2026-05-14,2026-05-15,15,105560,KB금융,156000,155600,0.0,-0.26,-0.26,absolute_loss,intraday_reversal,갭상승 후 장중 하락 (-1.21%) — 매도세 우세,1
2026-05-15,1D,2026-05-14,2026-05-15,16,008350,남선알미늄,2035,1812,0.0,-10.96,-10.96,absolute_loss,volume_drop,거래량 급감 (-79.8%) — 관심 식음,3
2026-05-15,1D,2026-05-14,2026-05-15,17,034220,LG디스플레이,15340,14100,0.0,-8.08,-8.08,absolute_loss,overheating,과열 후 조정 (어제 +8.3% → 오늘 -8.1%) — 차익실현 추정,2
2026-05-15,1D,2026-05-14,2026-05-15,18,035720,카카오,45950,44000,0.0,-4.24,-4.24,absolute_loss,volume_drop,거래량 급감 (-38.6%) — 관심 식음,4
2026-05-18,1D,2026-05-15,2026-05-18,1,090710,휴림로봇,13120,12520,0.0,-4.57,-4.57,absolute_loss,volume_drop,거래량 급감 (-80.4%) — 관심 식음,3
2026-05-18,1D,2026-05-15,2026-05-18,2,036540,SFA반도체,8610,8500,0.0,-1.28,-1.28,absolute_loss,volume_drop,거래량 급감 (-65.4%) — 관심 식음,3
2026-05-18,1D,2026-05-15,2026-05-18,3,018260,삼성에스디에스,189000,180600,0.0,-4.44,-4.44,absolute_loss,volume_drop,거래량 급감 (-67.9%) — 관심 식음,2
2026-05-18,1D,2026-05-15,2026-05-18,5,067310,하나마이크론,52900,48950,0.0,-7.47,-7.47,absolute_loss,volume_drop,거래량 급감 (-69.9%) — 관심 식음,3
2026-05-18,1D,2026-05-15,2026-05-18,6,001740,SK네트웍스,8720,8250,0.0,-5.39,-5.39,absolute_loss,volume_drop,거래량 급감 (-36.8%) — 관심 식음,3
2026-05-18,1D,2026-05-15,2026-05-18,7,034220,LG디스플레이,14100,13390,0.0,-5.04,-5.04,absolute_loss,volume_drop,거래량 급감 (-73.0%) — 관심 식음,2
2026-05-18,1D,2026-05-15,2026-05-18,8,454910,두산로보틱스,127400,117900,0.0,-7.46,-7.46,absolute_loss,volume_drop,거래량 급감 (-64.1%) — 관심 식음,4
2026-05-18,1D,2026-05-15,2026-05-18,9,004020,현대제철,46150,43450,0.0,-5.85,-5.85,absolute_loss,volume_drop,거래량 급감 (-57.1%) — 관심 식음,2
2026-05-18,1D,2026-05-15,2026-05-18,10,064400,LG씨엔에스,86600,81300,0.0,-6.12,-6.12,absolute_loss,volume_drop,거래량 급감 (-66.2%) — 관심 식음,3
2026-05-18,1D,2026-05-15,2026-05-18,12,204620,글로벌텍스프리,6240,5780,0.0,-7.37,-7.37,absolute_loss,flow_weakening,외국인/기관 매수상위 제외 — 수급 약화 추정,2
2026-05-18,1D,2026-05-15,2026-05-18,13,319400,현대무벡스,41100,37550,0.0,-8.64,-8.64,absolute_loss,volume_drop,거래량 급감 (-61.6%) — 관심 식음,3
2026-05-18,1D,2026-05-15,2026-05-18,14,048410,현대바이오,11170,10980,0.0,-1.7,-1.7,absolute_loss,volume_drop,거래량 급감 (-46.0%) — 관심 식음,3
2026-05-18,1D,2026-05-15,2026-05-18,17,092790,넥스틸,20700,18930,0.0,-8.55,-8.55,absolute_loss,volume_drop,거래량 급감 (-81.9%) — 관심 식음,4
2026-05-18,1D,2026-05-15,2026-05-18,18,035250,강원랜드,16300,15950,0.0,-2.15,-2.15,absolute_loss,volume_drop,거래량 급감 (-43.1%) — 관심 식음,2
2026-05-18,1D,2026-05-15,2026-05-18,19,096770,SK이노베이션,123500,123300,0.0,-0.16,-0.16,absolute_loss,volume_drop,거래량 급감 (-56.6%) — 관심 식음,3
2026-05-18,1D,2026-05-15,2026-05-18,20,018880,한온시스템,5050,4910,0.0,-2.77,-2.77,absolute_loss,volume_drop,거래량 급감 (-70.3%) — 관심 식음,2
2026-05-19,1D,2026-05-18,2026-05-19,1,005930,삼성전자,281000,275500,0.0,-1.96,-1.96,absolute_loss,gap_down,갭하락 시작 (시초가 -2.49%) — 매도 압력 우세,1
2026-05-19,1D,2026-05-18,2026-05-19,2,047040,대우건설,29300,27050,0.0,-7.68,-7.68,absolute_loss,volume_drop,거래량 급감 (-43.5%) — 관심 식음,2
2026-05-19,1D,2026-05-18,2026-05-19,5,000660,SK하이닉스,1840000,1745000,0.0,-5.16,-5.16,absolute_loss,flow_weakening,외국인/기관 매수상위 제외 — 수급 약화 추정,3
2026-05-19,1D,2026-05-18,2026-05-19,6,010140,삼성중공업,29550,28550,0.0,-3.38,-3.38,absolute_loss,intraday_reversal,갭상승 후 장중 하락 (-4.19%) — 매도세 우세,2
2026-05-19,1D,2026-05-18,2026-05-19,7,034020,두산에너빌리티,112100,106000,0.0,-5.44,-5.44,absolute_loss,flow_weakening,외국인/기관 매수상위 제외 — 수급 약화 추정,2
2026-05-19,1D,2026-05-18,2026-05-19,8,007660,이수페타시스,131500,120900,0.0,-8.06,-8.06,absolute_loss,flow_weakening,외국인/기관 매수상위 제외 — 수급 약화 추정,3
2026-05-19,1D,2026-05-18,2026-05-19,9,009830,한화솔루션,43350,41300,0.0,-4.73,-4.73,absolute_loss,volume_drop,거래량 급감 (-40.3%) — 관심 식음,4
2026-05-19,1D,2026-05-18,2026-05-19,10,011200,HMM,19960,19820,0.0,-0.7,-0.7,absolute_loss,flow_weakening,외국인/기관 매수상위 제외 — 수급 약화 추정,2
2026-05-19,1D,2026-05-18,2026-05-19,11,028050,삼성E&A,49500,49250,0.0,-0.51,-0.51,absolute_loss,flow_weakening,외국인/기관 매수상위 제외 — 수급 약화 추정,3
2026-05-19,1D,2026-05-18,2026-05-19,13,178320,서진시스템,72800,69800,0.0,-4.12,-4.12,absolute_loss,flow_weakening,외국인/기관 매수상위 제외 — 수급 약화 추정,3
2026-05-19,1D,2026-05-18,2026-05-19,15,001440,대한전선,58100,53200,0.0,-8.43,-8.43,absolute_loss,intraday_reversal,갭상승 후 장중 하락 (-9.22%) — 매도세 우세,3
2026-05-19,1D,2026-05-18,2026-05-19,16,067310,하나마이크론,48950,47550,0.0,-2.86,-2.86,absolute_loss,volume_drop,거래량 급감 (-40.9%) — 관심 식음,1
2026-05-19,1D,2026-05-18,2026-05-19,17,000720,현대건설,144900,139300,0.0,-3.86,-3.86,absolute_loss,gap_down,갭하락 시작 (시초가 -1.38%) — 매도 압력 우세,2
2026-05-19,1D,2026-05-18,2026-05-19,19,033790,피노,14900,13300,0.0,-10.74,-10.74,absolute_loss,flow_weakening,외국인/기관 매수상위 제외 — 수급 약화 추정,2
2026-05-19,1D,2026-05-18,2026-05-19,20,042660,한화오션,115800,111900,0.0,-3.37,-3.37,absolute_loss,volume_drop,거래량 감소 (-13.3%),1
2026-05-20,1D,2026-05-19,2026-05-20,1,080220,제주반도체,95900,94800,0.0,-1.15,-1.15,absolute_loss,volume_drop,거래량 급감 (-39.6%) — 관심 식음,3
2026-05-20,1D,2026-05-19,2026-05-20,2,015760,한국전력,39150,36900,0.0,-5.75,-5.75,absolute_loss,flow_weakening,외국인/기관 매수상위 제외 — 수급 약화 추정,1
2026-05-20,1D,2026-05-19,2026-05-20,3,005290,동진쎄미켐,57600,55700,0.0,-3.3,-3.3,absolute_loss,volume_drop,거래량 급감 (-57.6%) — 관심 식음,2
2026-05-20,1D,2026-05-19,2026-05-20,4,001450,현대해상,38850,36700,0.0,-5.53,-5.53,absolute_loss,volume_drop,거래량 급감 (-51.3%) — 관심 식음,2
2026-05-20,1D,2026-05-19,2026-05-20,6,047040,대우건설,27050,26650,0.0,-1.48,-1.48,absolute_loss,gap_down,갭하락 시작 (시초가 -1.29%) — 매도 압력 우세,1
2026-05-20,1D,2026-05-19,2026-05-20,8,066570,LG전자,191700,181000,0.0,-5.58,-5.58,absolute_loss,gap_down,갭하락 시작 (시초가 -1.15%) — 매도 압력 우세,2
2026-05-20,1D,2026-05-19,2026-05-20,9,088350,한화생명,5800,5300,0.0,-8.62,-8.62,absolute_loss,volume_drop,거래량 급감 (-52.8%) — 관심 식음,3
2026-05-20,1D,2026-05-19,2026-05-20,11,028670,팬오션,6050,5780,0.0,-4.46,-4.46,absolute_loss,flow_weakening,외국인/기관 매수상위 제외 — 수급 약화 추정,3
2026-05-20,1D,2026-05-19,2026-05-20,14,010140,삼성중공업,28550,27650,0.0,-3.15,-3.15,absolute_loss,flow_weakening,외국인/기관 매수상위 제외 — 수급 약화 추정,1
2026-05-20,1D,2026-05-19,2026-05-20,19,064400,LG씨엔에스,74800,71200,0.0,-4.81,-4.81,absolute_loss,gap_down,갭하락 시작 (시초가 -2.41%) — 매도 압력 우세,2
2026-05-20,1D,2026-05-19,2026-05-20,20,067310,하나마이크론,47550,47200,0.0,-0.74,-0.74,absolute_loss,intraday_reversal,갭상승 후 장중 하락 (-1.87%) — 매도세 우세,1
2026-05-20,5D,2026-05-13,2026-05-20,1,066570,LG전자,191400,181000,0.0,-5.43,-5.43,absolute_loss,volume_drop,거래량 감소 (-15.1%),1
2026-05-20,5D,2026-05-13,2026-05-20,2,003490,대한항공,25750,24800,0.0,-3.69,-3.69,absolute_loss,flow_weakening,외국인/기관 매수상위 제외 — 수급 약화 추정,2
2026-05-20,5D,2026-05-13,2026-05-20,5,000720,현대건설,160700,136200,0.0,-15.25,-15.25,absolute_loss,gap_down,갭하락 시작 (시초가 -14.75%) — 매도 압력 우세,1
2026-05-20,5D,2026-05-13,2026-05-20,8,005930,삼성전자,284000,276000,0.0,-2.82,-2.82,absolute_loss,gap_down,갭하락 시작 (시초가 -2.11%) — 매도 압력 우세,1
2026-05-20,5D,2026-05-13,2026-05-20,11,017670,SK텔레콤,105800,98100,0.0,-7.28,-7.28,absolute_loss,flow_weakening,외국인/기관 매수상위 제외 — 수급 약화 추정,2
2026-05-20,5D,2026-05-13,2026-05-20,15,003280,흥아해운,2835,2460,0.0,-13.23,-13.23,absolute_loss,volume_drop,거래량 급감 (-84.7%) — 관심 식음,3
2026-05-20,5D,2026-05-13,2026-05-20,16,028670,팬오션,6120,5780,0.0,-5.56,-5.56,absolute_loss,volume_drop,거래량 급감 (-53.1%) — 관심 식음,3
2026-05-20,5D,2026-05-13,2026-05-20,19,034220,LG디스플레이,14170,12560,0.0,-11.36,-11.36,absolute_loss,volume_drop,거래량 급감 (-81.9%) — 관심 식음,4
2026-05-20,5D,2026-05-13,2026-05-20,20,000270,기아,179500,149400,0.0,-16.77,-16.77,absolute_loss,overheating,과열 후 조정 (어제 +6.7% → 오늘 -16.8%) — 차익실현 추정,3
2026-05-21,1D,2026-05-20,2026-05-21,7,082920,비츠로셀,53900,52000,0.0,-3.53,-3.53,absolute_loss,flow_weakening,외국인/기관 매수상위 제외 — 수급 약화 추정,2
2026-05-21,1D,2026-05-20,2026-05-21,10,001820,삼화콘덴서,78600,78500,0.0,-0.13,-0.13,absolute_loss,volume_drop,거래량 급감 (-56.1%) — 관심 식음,4
2026-05-21,1D,2026-05-20,2026-05-21,13,043260,성호전자,39400,39100,0.0,-0.76,-0.76,absolute_loss,overheating,과열 후 조정 (어제 +11.6% → 오늘 -0.8%) — 차익실현 추정,2
2026-05-21,5D,2026-05-14,2026-05-21,5,028050,삼성E&A,54700,51300,0.0,-6.22,-6.22,absolute_loss,gap_down,갭하락 시작 (시초가 -6.4%) — 매도 압력 우세,1
2026-05-21,5D,2026-05-14,2026-05-21,7,000720,현대건설,169300,147100,0.0,-13.11,-13.11,absolute_loss,volume_drop,거래량 급감 (-43.0%) — 관심 식음,3
2026-05-21,5D,2026-05-14,2026-05-21,8,042700,한미반도체,409500,332500,0.0,-18.8,-18.8,absolute_loss,gap_down,갭하락 시작 (시초가 -27.23%) — 매도 압력 우세,1
2026-05-21,5D,2026-05-14,2026-05-21,10,086790,하나금융지주,126500,119400,0.0,-5.61,-5.61,absolute_loss,gap_down,갭하락 시작 (시초가 -6.96%) — 매도 압력 우세,2
2026-05-21,5D,2026-05-14,2026-05-21,12,014910,성문전자,3365,3190,0.0,-5.2,-5.2,absolute_loss,volume_drop,거래량 급감 (-56.3%) — 관심 식음,3
2026-05-21,5D,2026-05-14,2026-05-21,14,272210,한화시스템,116100,103800,0.0,-10.59,-10.59,absolute_loss,volume_drop,거래량 급감 (-58.1%) — 관심 식음,3
2026-05-21,5D,2026-05-14,2026-05-21,15,105560,KB금융,156000,155800,0.0,-0.13,-0.13,absolute_loss,volume_drop,거래량 급감 (-35.5%) — 관심 식음,2
2026-05-21,5D,2026-05-14,2026-05-21,16,008350,남선알미늄,2035,1631,0.0,-19.85,-19.85,absolute_loss,volume_drop,거래량 급감 (-91.4%) — 관심 식음,4
2026-05-21,5D,2026-05-14,2026-05-21,17,034220,LG디스플레이,15340,14740,0.0,-3.91,-3.91,absolute_loss,volume_drop,거래량 급감 (-33.2%) — 관심 식음,3
2026-05-21,5D,2026-05-14,2026-05-21,18,035720,카카오,45950,41800,0.0,-9.03,-9.03,absolute_loss,volume_drop,거래량 급감 (-52.4%) — 관심 식음,3
2026-05-21,5D,2026-05-14,2026-05-21,20,064400,LG씨엔에스,86100,80200,0.0,-6.85,-6.85,absolute_loss,volume_drop,거래량 급감 (-60.6%) — 관심 식음,4
2026-05-22,1D,2026-05-21,2026-05-22,17,005930,삼성전자,299500,292500,0.0,-2.34,-2.34,absolute_loss,volume_drop,거래량 급감 (-49.1%) — 관심 식음,2
2026-05-22,5D,2026-05-15,2026-05-22,5,067310,하나마이크론,52900,51700,0.0,-2.27,-2.27,absolute_loss,volume_drop,거래량 급감 (-87.8%) — 관심 식음,3
2026-05-22,5D,2026-05-15,2026-05-22,6,001740,SK네트웍스,8720,8400,0.0,-3.67,-3.67,absolute_loss,volume_drop,거래량 급감 (-86.6%) — 관심 식음,4
2026-05-22,5D,2026-05-15,2026-05-22,8,454910,두산로보틱스,127400,106600,0.0,-16.33,-16.33,absolute_loss,volume_drop,거래량 급감 (-88.9%) — 관심 식음,4
2026-05-22,5D,2026-05-15,2026-05-22,10,064400,LG씨엔에스,86600,83200,0.0,-3.93,-3.93,absolute_loss,volume_drop,거래량 급감 (-55.2%) — 관심 식음,2
2026-05-26,1D,2026-05-22,2026-05-26,1,064400,LG씨엔에스,83200,82900,0.0,-0.36,-0.36,absolute_loss,volume_drop,거래량 급감 (-62.0%) — 관심 식음,3
2026-05-26,1D,2026-05-22,2026-05-26,2,055550,신한지주,98200,96000,0.0,-2.24,-2.24,absolute_loss,flow_weakening,외국인/기관 매수상위 제외 — 수급 약화 추정,2
2026-05-26,1D,2026-05-22,2026-05-26,5,316140,우리금융지주,31550,30950,0.0,-1.9,-1.9,absolute_loss,flow_weakening,외국인/기관 매수상위 제외 — 수급 약화 추정,2
2026-05-26,1D,2026-05-22,2026-05-26,9,068270,셀트리온,198700,195000,0.0,-1.86,-1.86,absolute_loss,volume_drop,거래량 급감 (-31.1%) — 관심 식음,3
2026-05-26,1D,2026-05-22,2026-05-26,10,024110,기업은행,21000,20850,0.0,-0.71,-0.71,absolute_loss,flow_weakening,외국인/기관 매수상위 제외 — 수급 약화 추정,2
2026-05-26,1D,2026-05-22,2026-05-26,11,105560,KB금융,160000,157300,0.0,-1.69,-1.69,absolute_loss,unknown,특이 패턴 미감지 (외부 요인 또는 시장 전반 영향 추정),0
2026-05-26,1D,2026-05-22,2026-05-26,20,043260,성호전자,41250,40950,0.0,-0.73,-0.73,absolute_loss,overheating,과열 후 조정 (어제 +5.5% → 오늘 -0.7%) — 차익실현 추정,2
2026-05-26,5D,2026-05-18,2026-05-26,4,088350,한화생명,5670,5400,0.0,-4.76,-4.76,absolute_loss,volume_drop,거래량 급감 (-70.0%) — 관심 식음,4
2026-05-26,5D,2026-05-18,2026-05-26,15,001440,대한전선,58100,53300,0.0,-8.26,-8.26,absolute_loss,flow_weakening,외국인/기관 매수상위 제외 — 수급 약화 추정,4
2026-05-27,1D,2026-05-26,2026-05-27,1,047040,대우건설,29450,26750,0.0,-9.17,-9.17,absolute_loss,volume_drop,거래량 급감 (-37.3%) — 관심 식음,2
2026-05-27,1D,2026-05-26,2026-05-27,2,034220,LG디스플레이,15630,14130,0.0,-9.6,-9.6,absolute_loss,volume_drop,거래량 급감 (-30.8%) — 관심 식음,3
2026-05-27,1D,2026-05-26,2026-05-27,3,098460,고영,40800,37000,0.0,-9.31,-9.31,absolute_loss,flow_weakening,외국인/기관 매수상위 제외 — 수급 약화 추정,2
2026-05-27,1D,2026-05-26,2026-05-27,6,064350,현대로템,214000,207000,0.0,-3.27,-3.27,absolute_loss,volume_drop,거래량 감소 (-10.0%),1
2026-05-27,1D,2026-05-26,2026-05-27,7,058470,리노공업,110800,102500,0.0,-7.49,-7.49,absolute_loss,flow_weakening,외국인/기관 매수상위 제외 — 수급 약화 추정,1
2026-05-27,1D,2026-05-26,2026-05-27,9,001510,SK증권,3990,3650,0.0,-8.52,-8.52,absolute_loss,volume_drop,거래량 급감 (-40.2%) — 관심 식음,3
2026-05-27,1D,2026-05-26,2026-05-27,10,042700,한미반도체,329000,319000,0.0,-3.04,-3.04,absolute_loss,intraday_reversal,갭상승 후 장중 하락 (-8.99%) — 매도세 우세,1
2026-05-27,1D,2026-05-26,2026-05-27,11,010140,삼성중공업,30450,29450,0.0,-3.28,-3.28,absolute_loss,gap_down,갭하락 시작 (시초가 -1.31%) — 매도 압력 우세,1
2026-05-27,1D,2026-05-26,2026-05-27,13,028050,삼성E&A,54600,51300,0.0,-6.04,-6.04,absolute_loss,flow_weakening,외국인/기관 매수상위 제외 — 수급 약화 추정,2
2026-05-27,1D,2026-05-26,2026-05-27,15,009830,한화솔루션,44450,42350,0.0,-4.72,-4.72,absolute_loss,flow_weakening,외국인/기관 매수상위 제외 — 수급 약화 추정,3
2026-05-27,1D,2026-05-26,2026-05-27,16,005380,현대차,689000,681000,0.0,-1.16,-1.16,absolute_loss,overheating,과열 후 조정 (어제 +5.2% → 오늘 -1.2%) — 차익실현 추정,1
2026-05-27,1D,2026-05-26,2026-05-27,17,017900,광전자,13500,12400,0.0,-8.15,-8.15,absolute_loss,volume_drop,거래량 급감 (-46.7%) — 관심 식음,2
2026-05-27,1D,2026-05-26,2026-05-27,19,015760,한국전력,40450,39500,0.0,-2.35,-2.35,absolute_loss,flow_weakening,외국인/기관 매수상위 제외 — 수급 약화 추정,1
2026-05-27,1D,2026-05-26,2026-05-27,20,272210,한화시스템,115000,109600,0.0,-4.7,-4.7,absolute_loss,volume_drop,거래량 급감 (-31.0%) — 관심 식음,4
2026-05-27,5D,2026-05-19,2026-05-27,5,011000,진원생명과학,1366,1177,0.0,-13.84,-13.84,absolute_loss,volume_drop,거래량 급감 (-86.6%) — 관심 식음,4
2026-05-27,5D,2026-05-19,2026-05-27,6,047040,대우건설,27050,26750,0.0,-1.11,-1.11,absolute_loss,flow_weakening,외국인/기관 매수상위 제외 — 수급 약화 추정,2
2026-05-27,5D,2026-05-19,2026-05-27,9,088350,한화생명,5800,5160,0.0,-11.03,-11.03,absolute_loss,volume_drop,거래량 급감 (-73.6%) — 관심 식음,4
2026-05-27,5D,2026-05-19,2026-05-27,11,028670,팬오션,6050,5620,0.0,-7.11,-7.11,absolute_loss,flow_weakening,외국인/기관 매수상위 제외 — 수급 약화 추정,2
2026-05-27,5D,2026-05-19,2026-05-27,12,027360,아주IB투자,17280,15210,0.0,-11.98,-11.98,absolute_loss,volume_drop,거래량 급감 (-85.6%) — 관심 식음,3
2026-05-28,1D,2026-05-27,2026-05-28,1,005930,삼성전자,307000,299500,0.0,-2.44,-2.44,absolute_loss,flow_weakening,외국인/기관 매수상위 제외 — 수급 약화 추정,2
2026-05-28,1D,2026-05-27,2026-05-28,2,012330,현대모비스,688000,686000,0.0,-0.29,-0.29,absolute_loss,intraday_reversal,갭상승 후 장중 하락 (-7.17%) — 매도세 우세,1
2026-05-28,1D,2026-05-27,2026-05-28,3,043260,성호전자,42600,36550,0.0,-14.2,-14.2,absolute_loss,flow_weakening,외국인/기관 매수상위 제외 — 수급 약화 추정,2
2026-05-28,1D,2026-05-27,2026-05-28,10,010140,삼성중공업,29450,28400,0.0,-3.57,-3.57,absolute_loss,flow_weakening,외국인/기관 매수상위 제외 — 수급 약화 추정,3
2026-05-28,1D,2026-05-27,2026-05-28,12,009420,한올바이오파마,70700,62500,0.0,-11.6,-11.6,absolute_loss,volume_drop,거래량 급감 (-46.7%) — 관심 식음,4
2026-05-28,1D,2026-05-27,2026-05-28,13,066570,LG전자,235000,225500,0.0,-4.04,-4.04,absolute_loss,unknown,특이 패턴 미감지 (외부 요인 또는 시장 전반 영향 추정),0
2026-05-28,1D,2026-05-27,2026-05-28,15,042660,한화오션,134900,124200,0.0,-7.93,-7.93,absolute_loss,flow_weakening,외국인/기관 매수상위 제외 — 수급 약화 추정,3
2026-05-28,1D,2026-05-27,2026-05-28,16,064400,LG씨엔에스,94600,87600,0.0,-7.4,-7.4,absolute_loss,volume_drop,거래량 급감 (-44.1%) — 관심 식음,3
2026-05-28,1D,2026-05-27,2026-05-28,18,018260,삼성에스디에스,261500,248500,0.0,-4.97,-4.97,absolute_loss,volume_drop,거래량 급감 (-54.2%) — 관심 식음,3
2026-05-28,1D,2026-05-27,2026-05-28,19,001440,대한전선,49550,47800,0.0,-3.53,-3.53,absolute_loss,negative_news,부정 뉴스 감지 (악재 키워드 노출),1
2026-05-28,1D,2026-05-27,2026-05-28,20,006800,미래에셋증권,64500,62000,0.0,-3.88,-3.88,absolute_loss,flow_weakening,외국인/기관 매수상위 제외 — 수급 약화 추정,1
2026-05-28,5D,2026-05-20,2026-05-28,1,440110,파두,112200,111400,0.0,-0.71,-0.71,absolute_loss,intraday_reversal,갭상승 후 장중 하락 (-3.97%) — 매도세 우세,1
2026-05-28,5D,2026-05-20,2026-05-28,8,047040,대우건설,26650,25450,0.0,-4.5,-4.5,absolute_loss,unknown,특이 패턴 미감지 (외부 요인 또는 시장 전반 영향 추정),0
2026-05-28,5D,2026-05-20,2026-05-28,13,043260,성호전자,39400,36550,0.0,-7.23,-7.23,absolute_loss,volume_drop,거래량 급감 (-41.7%) — 관심 식음,4
2026-05-28,5D,2026-05-20,2026-05-28,18,001440,대한전선,52000,47800,0.0,-8.08,-8.08,absolute_loss,gap_down,갭하락 시작 (시초가 -4.81%) — 매도 압력 우세,2
2026-05-29,1D,2026-05-28,2026-05-29,4,003280,흥아해운,2325,2100,0.0,-9.68,-9.68,absolute_loss,volume_drop,거래량 급감 (-82.8%) — 관심 식음,3
2026-05-29,1D,2026-05-28,2026-05-29,5,178320,서진시스템,80800,77600,0.0,-3.96,-3.96,absolute_loss,flow_weakening,외국인/기관 매수상위 제외 — 수급 약화 추정,2
2026-05-29,1D,2026-05-28,2026-05-29,12,086520,에코프로,144700,139000,0.0,-3.94,-3.94,absolute_loss,flow_weakening,외국인/기관 매수상위 제외 — 수급 약화 추정,1
2026-05-29,1D,2026-05-28,2026-05-29,13,347850,디앤디파마텍,107500,94600,0.0,-12.0,-12.0,absolute_loss,volume_drop,거래량 급감 (-43.6%) — 관심 식음,3
2026-05-29,1D,2026-05-28,2026-05-29,15,066970,엘앤에프,169200,168300,0.0,-0.53,-0.53,absolute_loss,volume_drop,거래량 급감 (-49.2%) — 관심 식음,4
2026-05-29,1D,2026-05-28,2026-05-29,17,007390,네이처셀,32300,30400,0.0,-5.88,-5.88,absolute_loss,volume_drop,거래량 급감 (-45.7%) — 관심 식음,3
2026-05-29,1D,2026-05-28,2026-05-29,18,003490,대한항공,27000,26800,0.0,-0.74,-0.74,absolute_loss,flow_weakening,외국인/기관 매수상위 제외 — 수급 약화 추정,2
2026-05-29,5D,2026-05-21,2026-05-29,1,010140,삼성중공업,28650,27950,0.0,-2.44,-2.44,absolute_loss,flow_weakening,외국인/기관 매수상위 제외 — 수급 약화 추정,2
2026-05-29,5D,2026-05-21,2026-05-29,3,011200,HMM,20250,19560,0.0,-3.41,-3.41,absolute_loss,flow_weakening,외국인/기관 매수상위 제외 — 수급 약화 추정,2
2026-05-29,5D,2026-05-21,2026-05-29,5,032820,우리기술,16700,15210,0.0,-8.92,-8.92,absolute_loss,gap_down,갭하락 시작 (시초가 -6.59%) — 매도 압력 우세,1
2026-05-29,5D,2026-05-21,2026-05-29,6,095610,테스,120100,119100,0.0,-0.83,-0.83,absolute_loss,volume_drop,거래량 급감 (-42.7%) — 관심 식음,2
2026-05-29,5D,2026-05-21,2026-05-29,12,047040,대우건설,28350,26200,0.0,-7.58,-7.58,absolute_loss,flow_weakening,외국인/기관 매수상위 제외 — 수급 약화 추정,3
2026-05-29,5D,2026-05-21,2026-05-29,13,088350,한화생명,5450,4880,0.0,-10.46,-10.46,absolute_loss,volume_drop,거래량 급감 (-43.2%) — 관심 식음,4
2026-05-29,5D,2026-05-21,2026-05-29,15,138930,BNK금융지주,17180,16820,0.0,-2.1,-2.1,absolute_loss,flow_weakening,외국인/기관 매수상위 제외 — 수급 약화 추정,1
2026-06-02,1D,2026-05-29,2026-06-02,2,373220,LG에너지솔루션,458000,442500,0.0,-3.38,-3.38,absolute_loss,negative_news,부정 뉴스 감지 (악재 키워드 노출),1
2026-06-02,1D,2026-05-29,2026-06-02,3,000270,기아,169200,168800,0.0,-0.24,-0.24,absolute_loss,volume_drop,거래량 급감 (-43.4%) — 관심 식음,2
2026-06-02,1D,2026-05-29,2026-06-02,4,086280,현대글로비스,242500,221500,0.0,-8.66,-8.66,absolute_loss,volume_drop,거래량 급감 (-59.7%) — 관심 식음,3
2026-06-02,1D,2026-05-29,2026-06-02,7,047040,대우건설,26200,22800,0.0,-12.98,-12.98,absolute_loss,gap_down,갭하락 시작 (시초가 -9.73%) — 매도 압력 우세,2
2026-06-02,1D,2026-05-29,2026-06-02,9,028050,삼성E&A,52900,49300,0.0,-6.81,-6.81,absolute_loss,volume_drop,거래량 급감 (-30.9%) — 관심 식음,3
2026-06-02,1D,2026-05-29,2026-06-02,12,006400,삼성SDI,688000,602000,0.0,-12.5,-12.5,absolute_loss,volume_drop,거래량 급감 (-50.1%) — 관심 식음,2
2026-06-02,1D,2026-05-29,2026-06-02,18,018880,한온시스템,5630,5000,0.0,-11.19,-11.19,absolute_loss,volume_drop,거래량 급감 (-76.7%) — 관심 식음,4
2026-06-02,1D,2026-05-29,2026-06-02,19,222800,심텍,118100,104400,0.0,-11.6,-11.6,absolute_loss,flow_weakening,외국인/기관 매수상위 제외 — 수급 약화 추정,2
2026-06-02,1D,2026-05-29,2026-06-02,20,003550,LG,146600,140000,0.0,-4.5,-4.5,absolute_loss,volume_drop,거래량 급감 (-68.7%) — 관심 식음,4
2026-06-02,5D,2026-05-22,2026-06-02,4,028050,삼성E&A,53400,49300,0.0,-7.68,-7.68,absolute_loss,flow_weakening,외국인/기관 매수상위 제외 — 수급 약화 추정,2
2026-06-02,5D,2026-05-22,2026-06-02,5,316140,우리금융지주,31550,29900,0.0,-5.23,-5.23,absolute_loss,gap_down,갭하락 시작 (시초가 -7.13%) — 매도 압력 우세,1
2026-06-02,5D,2026-05-22,2026-06-02,6,034020,두산에너빌리티,111600,100000,0.0,-10.39,-10.39,absolute_loss,gap_down,갭하락 시작 (시초가 -2.51%) — 매도 압력 우세,1
2026-06-02,5D,2026-05-22,2026-06-02,9,068270,셀트리온,198700,187900,0.0,-5.44,-5.44,absolute_loss,flow_weakening,외국인/기관 매수상위 제외 — 수급 약화 추정,3
2026-06-02,5D,2026-05-22,2026-06-02,10,024110,기업은행,21000,20350,0.0,-3.1,-3.1,absolute_loss,flow_weakening,외국인/기관 매수상위 제외 — 수급 약화 추정,2
2026-06-02,5D,2026-05-22,2026-06-02,11,105560,KB금융,160000,156600,0.0,-2.12,-2.12,absolute_loss,gap_down,갭하락 시작 (시초가 -2.62%) — 매도 압력 우세,1
2026-06-02,5D,2026-05-22,2026-06-02,13,009830,한화솔루션,42700,40800,0.0,-4.45,-4.45,absolute_loss,overheating,과열 후 조정 (어제 +5.2% → 오늘 -4.5%) — 차익실현 추정,3
2026-06-02,5D,2026-05-22,2026-06-02,16,417840,저스템,18790,14870,0.0,-20.86,-20.86,absolute_loss,gap_down,갭하락 시작 (시초가 -14.16%) — 매도 압력 우세,1
2026-06-02,5D,2026-05-22,2026-06-02,17,010140,삼성중공업,29500,27700,0.0,-6.1,-6.1,absolute_loss,flow_weakening,외국인/기관 매수상위 제외 — 수급 약화 추정,2
2026-06-02,5D,2026-05-22,2026-06-02,18,018880,한온시스템,5050,5000,0.0,-0.99,-0.99,absolute_loss,flow_weakening,외국인/기관 매수상위 제외 — 수급 약화 추정,2
2026-06-02,5D,2026-05-22,2026-06-02,19,010120,LS ELECTRIC,281000,241500,0.0,-14.06,-14.06,absolute_loss,flow_weakening,외국인/기관 매수상위 제외 — 수급 약화 추정,2
2026-06-04,1D,2026-06-02,2026-06-04,1,005930,삼성전자,360500,351500,0.0,-2.5,-2.5,absolute_loss,gap_down,갭하락 시작 (시초가 -3.19%) — 매도 압력 우세,2
2026-06-04,1D,2026-06-02,2026-06-04,2,035420,NAVER,280500,267500,0.0,-4.63,-4.63,absolute_loss,volume_drop,거래량 급감 (-64.2%) — 관심 식음,3
2026-06-04,1D,2026-06-02,2026-06-04,4,066570,LG전자,392500,328000,0.0,-16.43,-16.43,absolute_loss,volume_drop,거래량 급감 (-59.0%) — 관심 식음,3
2026-06-04,1D,2026-06-02,2026-06-04,5,034220,LG디스플레이,16690,16120,0.0,-3.42,-3.42,absolute_loss,volume_drop,거래량 급감 (-79.4%) — 관심 식음,3
2026-06-04,1D,2026-06-02,2026-06-04,6,096530,씨젠,31850,31050,0.0,-2.51,-2.51,absolute_loss,volume_drop,거래량 급감 (-50.7%) — 관심 식음,3
2026-06-04,1D,2026-06-02,2026-06-04,11,000660,SK하이닉스,2360000,2298000,0.0,-2.63,-2.63,absolute_loss,volume_drop,거래량 급감 (-32.5%) — 관심 식음,2
2026-06-04,1D,2026-06-02,2026-06-04,14,009830,한화솔루션,40800,39900,0.0,-2.21,-2.21,absolute_loss,volume_drop,거래량 급감 (-30.7%) — 관심 식음,3
2026-06-04,1D,2026-06-02,2026-06-04,16,454910,두산로보틱스,166700,157900,0.0,-5.28,-5.28,absolute_loss,volume_drop,거래량 급감 (-56.7%) — 관심 식음,3
2026-06-04,1D,2026-06-02,2026-06-04,17,009150,삼성전기,1813000,1716000,0.0,-5.35,-5.35,absolute_loss,gap_down,갭하락 시작 (시초가 -1.27%) — 매도 압력 우세,2
2026-06-04,1D,2026-06-02,2026-06-04,20,027360,아주IB투자,10320,10240,0.0,-0.78,-0.78,absolute_loss,volume_drop,거래량 급감 (-36.5%) — 관심 식음,4
2026-06-04,5D,2026-05-26,2026-06-04,1,047040,대우건설,29450,22950,0.0,-22.07,-22.07,absolute_loss,volume_drop,거래량 급감 (-59.5%) — 관심 식음,3
2026-06-04,5D,2026-05-26,2026-06-04,4,009420,한올바이오파마,59100,55400,0.0,-6.26,-6.26,absolute_loss,volume_drop,거래량 급감 (-55.9%) — 관심 식음,3
2026-06-04,5D,2026-05-26,2026-06-04,8,018880,한온시스템,5240,4820,0.0,-8.02,-8.02,absolute_loss,volume_drop,거래량 급감 (-60.5%) — 관심 식음,3
2026-06-04,5D,2026-05-26,2026-06-04,9,001510,SK증권,3990,3200,0.0,-19.8,-19.8,absolute_loss,volume_drop,거래량 급감 (-71.5%) — 관심 식음,3
2026-06-04,5D,2026-05-26,2026-06-04,10,042700,한미반도체,329000,304000,0.0,-7.6,-7.6,absolute_loss,gap_down,갭하락 시작 (시초가 -14.59%) — 매도 압력 우세,1
2026-06-04,5D,2026-05-26,2026-06-04,11,010140,삼성중공업,30450,28400,0.0,-6.73,-6.73,absolute_loss,gap_down,갭하락 시작 (시초가 -1.81%) — 매도 압력 우세,1
2026-06-04,5D,2026-05-26,2026-06-04,13,028050,삼성E&A,54600,49500,0.0,-9.34,-9.34,absolute_loss,volume_drop,거래량 급감 (-36.1%) — 관심 식음,3
2026-06-04,5D,2026-05-26,2026-06-04,15,009830,한화솔루션,44450,39900,0.0,-10.24,-10.24,absolute_loss,volume_drop,거래량 급감 (-34.9%) — 관심 식음,3
2026-06-04,5D,2026-05-26,2026-06-04,17,017900,광전자,13500,9680,0.0,-28.3,-28.3,absolute_loss,volume_drop,거래량 급감 (-57.1%) — 관심 식음,3
2026-06-04,5D,2026-05-26,2026-06-04,19,015760,한국전력,40450,38700,0.0,-4.33,-4.33,absolute_loss,flow_weakening,외국인/기관 매수상위 제외 — 수급 약화 추정,2
2026-06-05,1D,2026-06-04,2026-06-05,2,000990,DB하이텍,176400,173800,0.0,-1.47,-1.47,absolute_loss,volume_drop,거래량 급감 (-32.3%) — 관심 식음,2
2026-06-05,1D,2026-06-04,2026-06-05,3,010140,삼성중공업,28400,27750,0.0,-2.29,-2.29,absolute_loss,volume_drop,거래량 급감 (-42.2%) — 관심 식음,2
2026-06-05,1D,2026-06-04,2026-06-05,7,000720,현대건설,136600,131900,0.0,-3.44,-3.44,absolute_loss,flow_weakening,외국인/기관 매수상위 제외 — 수급 약화 추정,2
2026-06-05,1D,2026-06-04,2026-06-05,9,015760,한국전력,38700,38100,0.0,-1.55,-1.55,absolute_loss,flow_weakening,외국인/기관 매수상위 제외 — 수급 약화 추정,2
2026-06-05,1D,2026-06-04,2026-06-05,12,005930,삼성전자,351500,329000,0.0,-6.4,-6.4,absolute_loss,flow_weakening,외국인/기관 매수상위 제외 — 수급 약화 추정,2
2026-06-05,1D,2026-06-04,2026-06-05,13,086520,에코프로,128800,118500,0.0,-8.0,-8.0,absolute_loss,flow_weakening,외국인/기관 매수상위 제외 — 수급 약화 추정,2
2026-06-05,1D,2026-06-04,2026-06-05,17,000660,SK하이닉스,2298000,2070000,0.0,-9.92,-9.92,absolute_loss,flow_weakening,외국인/기관 매수상위 제외 — 수급 약화 추정,2
2026-06-05,1D,2026-06-04,2026-06-05,18,080220,제주반도체,107300,93500,0.0,-12.86,-12.86,absolute_loss,volume_drop,거래량 급감 (-44.4%) — 관심 식음,4
2026-06-05,1D,2026-06-04,2026-06-05,19,001740,SK네트웍스,13010,10900,0.0,-16.22,-16.22,absolute_loss,volume_drop,거래량 급감 (-66.7%) — 관심 식음,3
2026-06-05,1D,2026-06-04,2026-06-05,20,043260,성호전자,51400,48800,0.0,-5.06,-5.06,absolute_loss,volume_drop,거래량 급감 (-53.9%) — 관심 식음,3
2026-06-05,5D,2026-05-27,2026-06-05,5,001740,SK네트웍스,11380,10900,0.0,-4.22,-4.22,absolute_loss,volume_drop,거래량 급감 (-87.1%) — 관심 식음,3
2026-06-05,5D,2026-05-27,2026-06-05,9,000660,SK하이닉스,2243000,2070000,0.0,-7.71,-7.71,absolute_loss,flow_weakening,외국인/기관 매수상위 제외 — 수급 약화 추정,4
2026-06-05,5D,2026-05-27,2026-06-05,10,010140,삼성중공업,29450,27750,0.0,-5.77,-5.77,absolute_loss,flow_weakening,외국인/기관 매수상위 제외 — 수급 약화 추정,2
2026-06-05,5D,2026-05-27,2026-06-05,14,347850,디앤디파마텍,98800,92300,0.0,-6.58,-6.58,absolute_loss,volume_drop,거래량 급감 (-58.2%) — 관심 식음,3
2026-06-05,5D,2026-05-27,2026-06-05,15,042660,한화오션,134900,112200,0.0,-16.83,-16.83,absolute_loss,volume_drop,거래량 급감 (-65.9%) — 관심 식음,3
2026-06-05,5D,2026-05-27,2026-06-05,17,086520,에코프로,142900,118500,0.0,-17.07,-17.07,absolute_loss,volume_drop,거래량 급감 (-52.9%) — 관심 식음,3
2026-06-05,5D,2026-05-27,2026-06-05,18,018260,삼성에스디에스,261500,252500,0.0,-3.44,-3.44,absolute_loss,volume_drop,거래량 급감 (-80.5%) — 관심 식음,3
2026-06-05,5D,2026-05-27,2026-06-05,19,001440,대한전선,49550,39950,0.0,-19.37,-19.37,absolute_loss,gap_down,갭하락 시작 (시초가 -16.45%) — 매도 압력 우세,2
2026-06-05,5D,2026-05-27,2026-06-05,20,006800,미래에셋증권,64500,56400,0.0,-12.56,-12.56,absolute_loss,flow_weakening,외국인/기관 매수상위 제외 — 수급 약화 추정,2
2026-06-08,1D,2026-06-05,2026-06-08,1,240810,원익IPS,132700,104900,0.0,-20.95,-20.95,absolute_loss,volume_drop,거래량 급감 (-48.8%) — 관심 식음,2
2026-06-08,1D,2026-06-05,2026-06-08,2,105560,KB금융,171600,151500,0.0,-11.71,-11.71,absolute_loss,flow_weakening,외국인/기관 매수상위 제외 — 수급 약화 추정,3
2026-06-08,1D,2026-06-05,2026-06-08,3,403870,HPSP,50300,47150,0.0,-6.26,-6.26,absolute_loss,volume_drop,거래량 급감 (-54.3%) — 관심 식음,4
2026-06-08,1D,2026-06-05,2026-06-08,4,316140,우리금융지주,31200,28850,0.0,-7.53,-7.53,absolute_loss,flow_weakening,외국인/기관 매수상위 제외 — 수급 약화 추정,2
2026-06-08,1D,2026-06-05,2026-06-08,5,009150,삼성전기,1757000,1664000,0.0,-5.29,-5.29,absolute_loss,gap_down,갭하락 시작 (시초가 -11.44%) — 매도 압력 우세,2
2026-06-08,1D,2026-06-05,2026-06-08,7,086790,하나금융지주,123600,112400,0.0,-9.06,-9.06,absolute_loss,gap_down,갭하락 시작 (시초가 -2.1%) — 매도 압력 우세,1
2026-06-08,1D,2026-06-05,2026-06-08,8,034230,파라다이스,15500,14800,0.0,-4.52,-4.52,absolute_loss,volume_drop,거래량 급감 (-35.3%) — 관심 식음,3
2026-06-08,1D,2026-06-05,2026-06-08,9,095610,테스,139200,131500,0.0,-5.53,-5.53,absolute_loss,volume_drop,거래량 급감 (-53.0%) — 관심 식음,2
2026-06-08,1D,2026-06-05,2026-06-08,10,178320,서진시스템,70100,65000,0.0,-7.28,-7.28,absolute_loss,volume_drop,거래량 급감 (-55.5%) — 관심 식음,2
2026-06-08,1D,2026-06-05,2026-06-08,11,047040,대우건설,21750,20400,0.0,-6.21,-6.21,absolute_loss,gap_down,갭하락 시작 (시초가 -11.17%) — 매도 압력 우세,1
2026-06-08,1D,2026-06-05,2026-06-08,12,043260,성호전자,48800,41700,0.0,-14.55,-14.55,absolute_loss,volume_drop,거래량 급감 (-45.6%) — 관심 식음,3
2026-06-08,1D,2026-06-05,2026-06-08,13,055550,신한지주,107500,97100,0.0,-9.67,-9.67,absolute_loss,volume_drop,거래량 급감 (-40.2%) — 관심 식음,3
2026-06-08,1D,2026-06-05,2026-06-08,16,001440,대한전선,39950,37250,0.0,-6.76,-6.76,absolute_loss,volume_drop,거래량 급감 (-65.5%) — 관심 식음,3
2026-06-08,1D,2026-06-05,2026-06-08,17,064400,LG씨엔에스,117500,106500,0.0,-9.36,-9.36,absolute_loss,gap_down,갭하락 시작 (시초가 -15.74%) — 매도 압력 우세,1
2026-06-08,1D,2026-06-05,2026-06-08,18,323410,카카오뱅크,23050,22750,0.0,-1.3,-1.3,absolute_loss,gap_down,갭하락 시작 (시초가 -4.34%) — 매도 압력 우세,1
2026-06-08,1D,2026-06-05,2026-06-08,19,088980,맥쿼리인프라,10980,10770,0.0,-1.91,-1.91,absolute_loss,flow_weakening,외국인/기관 매수상위 제외 — 수급 약화 추정,2
2026-06-08,5D,2026-05-28,2026-06-08,3,000660,SK하이닉스,2289000,1911000,0.0,-16.51,-16.51,absolute_loss,gap_down,갭하락 시작 (시초가 -18.92%) — 매도 압력 우세,1
2026-06-08,5D,2026-05-28,2026-06-08,4,003280,흥아해운,2325,1893,0.0,-18.58,-18.58,absolute_loss,volume_drop,거래량 급감 (-86.0%) — 관심 식음,3
2026-06-08,5D,2026-05-28,2026-06-08,5,178320,서진시스템,80800,65000,0.0,-19.55,-19.55,absolute_loss,volume_drop,거래량 급감 (-61.9%) — 관심 식음,2
2026-06-08,5D,2026-05-28,2026-06-08,8,034220,LG디스플레이,14420,14020,0.0,-2.77,-2.77,absolute_loss,volume_drop,거래량 급감 (-69.6%) — 관심 식음,3
2026-06-08,5D,2026-05-28,2026-06-08,10,047040,대우건설,25450,20400,0.0,-19.84,-19.84,absolute_loss,volume_drop,거래량 급감 (-32.9%) — 관심 식음,2
2026-06-08,5D,2026-05-28,2026-06-08,13,347850,디앤디파마텍,107500,78600,0.0,-26.88,-26.88,absolute_loss,volume_drop,거래량 급감 (-78.4%) — 관심 식음,3
2026-06-08,5D,2026-05-28,2026-06-08,14,028050,삼성E&A,50800,44450,0.0,-12.5,-12.5,absolute_loss,gap_down,갭하락 시작 (시초가 -14.57%) — 매도 압력 우세,2
2026-06-08,5D,2026-05-28,2026-06-08,18,003490,대한항공,27000,23800,0.0,-11.85,-11.85,absolute_loss,volume_drop,거래량 급감 (-38.3%) — 관심 식음,3
2026-06-09,1D,2026-06-08,2026-06-09,1,032640,LG유플러스,15720,14920,0.0,-5.09,-5.09,absolute_loss,flow_weakening,외국인/기관 매수상위 제외 — 수급 약화 추정,3
2026-06-09,1D,2026-06-08,2026-06-09,6,035420,NAVER,279000,257000,0.0,-7.89,-7.89,absolute_loss,volume_drop,거래량 급감 (-31.8%) — 관심 식음,4
2026-06-09,1D,2026-06-08,2026-06-09,7,066570,LG전자,268000,248000,0.0,-7.46,-7.46,absolute_loss,flow_weakening,외국인/기관 매수상위 제외 — 수급 약화 추정,2
2026-06-09,1D,2026-06-08,2026-06-09,10,064400,LG씨엔에스,106500,99000,0.0,-7.04,-7.04,absolute_loss,flow_weakening,외국인/기관 매수상위 제외 — 수급 약화 추정,2
2026-06-09,5D,2026-05-29,2026-06-09,1,035720,카카오,41950,39500,0.0,-5.84,-5.84,absolute_loss,volume_drop,거래량 급감 (-73.0%) — 관심 식음,2
2026-06-09,5D,2026-05-29,2026-06-09,2,373220,LG에너지솔루션,458000,396500,0.0,-13.43,-13.43,absolute_loss,volume_drop,거래량 급감 (-67.3%) — 관심 식음,3
2026-06-09,5D,2026-05-29,2026-06-09,3,000270,기아,169200,164300,0.0,-2.9,-2.9,absolute_loss,gap_down,갭하락 시작 (시초가 -7.86%) — 매도 압력 우세,1
2026-06-09,5D,2026-05-29,2026-06-09,5,000660,SK하이닉스,2333000,2215000,0.0,-5.06,-5.06,absolute_loss,volume_drop,거래량 급감 (-31.0%) — 관심 식음,2
2026-06-09,5D,2026-05-29,2026-06-09,7,047040,대우건설,26200,21050,0.0,-19.66,-19.66,absolute_loss,volume_drop,거래량 급감 (-50.1%) — 관심 식음,3
2026-06-09,5D,2026-05-29,2026-06-09,9,028050,삼성E&A,52900,46450,0.0,-12.19,-12.19,absolute_loss,volume_drop,거래량 급감 (-37.8%) — 관심 식음,2
2026-06-09,5D,2026-05-29,2026-06-09,10,000720,현대건설,147000,122300,0.0,-16.8,-16.8,absolute_loss,volume_drop,거래량 급감 (-54.0%) — 관심 식음,2
2026-06-09,5D,2026-05-29,2026-06-09,12,006400,삼성SDI,688000,515000,0.0,-25.15,-25.15,absolute_loss,volume_drop,거래량 급감 (-71.0%) — 관심 식음,3
2026-06-09,5D,2026-05-29,2026-06-09,14,034220,LG디스플레이,16090,13970,0.0,-13.18,-13.18,absolute_loss,volume_drop,거래량 급감 (-84.1%) — 관심 식음,4
2026-06-09,5D,2026-05-29,2026-06-09,16,066570,LG전자,293000,248000,0.0,-15.36,-15.36,absolute_loss,volume_drop,거래량 급감 (-43.2%) — 관심 식음,4
2026-06-09,5D,2026-05-29,2026-06-09,17,064400,LG씨엔에스,113800,99000,0.0,-13.01,-13.01,absolute_loss,volume_drop,거래량 급감 (-62.0%) — 관심 식음,4
2026-06-09,5D,2026-05-29,2026-06-09,18,018880,한온시스템,5630,4410,0.0,-21.67,-21.67,absolute_loss,volume_drop,거래량 급감 (-89.9%) — 관심 식음,4
2026-06-09,5D,2026-05-29,2026-06-09,19,222800,심텍,118100,115100,0.0,-2.54,-2.54,absolute_loss,gap_down,갭하락 시작 (시초가 -8.55%) — 매도 압력 우세,1
2026-06-09,5D,2026-05-29,2026-06-09,20,003550,LG,146600,112600,0.0,-23.19,-23.19,absolute_loss,volume_drop,거래량 급감 (-82.9%) — 관심 식음,3
2026-06-10,1D,2026-06-09,2026-06-10,1,006800,미래에셋증권,51500,51200,0.0,-0.58,-0.58,absolute_loss,flow_weakening,외국인/기관 매수상위 제외 — 수급 약화 추정,2
2026-06-10,1D,2026-06-09,2026-06-10,2,316140,우리금융지주,30000,29800,0.0,-0.67,-0.67,absolute_loss,volume_drop,거래량 급감 (-59.8%) — 관심 식음,3
2026-06-10,1D,2026-06-09,2026-06-10,3,055550,신한지주,101200,98200,0.0,-2.96,-2.96,absolute_loss,flow_weakening,외국인/기관 매수상위 제외 — 수급 약화 추정,3
2026-06-10,1D,2026-06-09,2026-06-10,5,035720,카카오,39500,38150,0.0,-3.42,-3.42,absolute_loss,flow_weakening,외국인/기관 매수상위 제외 — 수급 약화 추정,2
2026-06-10,1D,2026-06-09,2026-06-10,7,047040,대우건설,21050,20750,0.0,-1.43,-1.43,absolute_loss,gap_down,갭하락 시작 (시초가 -4.28%) — 매도 압력 우세,2
2026-06-10,1D,2026-06-09,2026-06-10,9,001440,대한전선,38700,37450,0.0,-3.23,-3.23,absolute_loss,flow_weakening,외국인/기관 매수상위 제외 — 수급 약화 추정,4
2026-06-10,1D,2026-06-09,2026-06-10,11,032820,우리기술,13720,13200,0.0,-3.79,-3.79,absolute_loss,overheating,과열 후 조정 (어제 +5.5% → 오늘 -3.8%) — 차익실현 추정,3
2026-06-10,1D,2026-06-09,2026-06-10,12,018880,한온시스템,4410,4320,0.0,-2.04,-2.04,absolute_loss,flow_weakening,외국인/기관 매수상위 제외 — 수급 약화 추정,1
2026-06-10,1D,2026-06-09,2026-06-10,15,001510,SK증권,2985,2870,0.0,-3.85,-3.85,absolute_loss,volume_drop,거래량 급감 (-42.4%) — 관심 식음,3
2026-06-10,1D,2026-06-09,2026-06-10,16,017670,SK텔레콤,108100,105700,0.0,-2.22,-2.22,absolute_loss,volume_drop,거래량 급감 (-49.1%) — 관심 식음,1
2026-06-10,1D,2026-06-09,2026-06-10,17,005880,대한해운,1937,1920,0.0,-0.88,-0.88,absolute_loss,flow_weakening,외국인/기관 매수상위 제외 — 수급 약화 추정,1
2026-06-10,5D,2026-06-02,2026-06-10,1,005930,삼성전자,360500,302500,0.0,-16.09,-16.09,absolute_loss,volume_drop,거래량 급감 (-39.5%) — 관심 식음,3
2026-06-10,5D,2026-06-02,2026-06-10,2,035420,NAVER,280500,227000,0.0,-19.07,-19.07,absolute_loss,volume_drop,거래량 급감 (-61.6%) — 관심 식음,3
2026-06-10,5D,2026-06-02,2026-06-10,3,105560,KB금융,156600,154000,0.0,-1.66,-1.66,absolute_loss,gap_down,갭하락 시작 (시초가 -2.43%) — 매도 압력 우세,1
2026-06-10,5D,2026-06-02,2026-06-10,4,066570,LG전자,392500,224000,0.0,-42.93,-42.93,absolute_loss,volume_drop,거래량 급감 (-64.8%) — 관심 식음,2
2026-06-10,5D,2026-06-02,2026-06-10,5,034220,LG디스플레이,16690,12910,0.0,-22.65,-22.65,absolute_loss,volume_drop,거래량 급감 (-88.0%) — 관심 식음,4
2026-06-10,5D,2026-06-02,2026-06-10,8,316140,우리금융지주,29900,29800,0.0,-0.33,-0.33,absolute_loss,flow_weakening,외국인/기관 매수상위 제외 — 수급 약화 추정,2
2026-06-10,5D,2026-06-02,2026-06-10,10,047040,대우건설,22800,20750,0.0,-8.99,-8.99,absolute_loss,volume_drop,거래량 급감 (-50.3%) — 관심 식음,2
2026-06-10,5D,2026-06-02,2026-06-10,11,000660,SK하이닉스,2360000,2048000,0.0,-13.22,-13.22,absolute_loss,flow_weakening,외국인/기관 매수상위 제외 — 수급 약화 추정,3
2026-06-10,5D,2026-06-02,2026-06-10,12,043260,성호전자,47500,40600,0.0,-14.53,-14.53,absolute_loss,volume_drop,거래량 급감 (-60.8%) — 관심 식음,3
2026-06-10,5D,2026-06-02,2026-06-10,14,009830,한화솔루션,40800,36600,0.0,-10.29,-10.29,absolute_loss,flow_weakening,외국인/기관 매수상위 제외 — 수급 약화 추정,2
2026-06-10,5D,2026-06-02,2026-06-10,16,454910,두산로보틱스,166700,106600,0.0,-36.05,-36.05,absolute_loss,volume_drop,거래량 급감 (-84.7%) — 관심 식음,4
2026-06-10,5D,2026-06-02,2026-06-10,17,009150,삼성전기,1813000,1805000,0.0,-0.44,-0.44,absolute_loss,volume_drop,거래량 급감 (-33.7%) — 관심 식음,3
2026-06-10,5D,2026-06-02,2026-06-10,19,032820,우리기술,14550,13200,0.0,-9.28,-9.28,absolute_loss,volume_drop,거래량 급감 (-44.3%) — 관심 식음,2
2026-06-11,1D,2026-06-10,2026-06-11,1,003490,대한항공,25450,24800,0.0,-2.55,-2.55,absolute_loss,flow_weakening,외국인/기관 매수상위 제외 — 수급 약화 추정,2
2026-06-11,1D,2026-06-10,2026-06-11,4,028050,삼성E&A,47300,45550,0.0,-3.7,-3.7,absolute_loss,flow_weakening,외국인/기관 매수상위 제외 — 수급 약화 추정,2
2026-06-11,1D,2026-06-10,2026-06-11,8,323410,카카오뱅크,24750,23400,0.0,-5.45,-5.45,absolute_loss,flow_weakening,외국인/기관 매수상위 제외 — 수급 약화 추정,2
2026-06-11,1D,2026-06-10,2026-06-11,13,047040,대우건설,20750,20450,0.0,-1.45,-1.45,absolute_loss,flow_weakening,외국인/기관 매수상위 제외 — 수급 약화 추정,3
2026-06-11,1D,2026-06-10,2026-06-11,15,015760,한국전력,36400,35900,0.0,-1.37,-1.37,absolute_loss,gap_down,갭하락 시작 (시초가 -2.34%) — 매도 압력 우세,1
2026-06-11,1D,2026-06-10,2026-06-11,16,093370,후성,16240,15770,0.0,-2.89,-2.89,absolute_loss,volume_drop,거래량 급감 (-60.8%) — 관심 식음,4
2026-06-11,1D,2026-06-10,2026-06-11,19,017670,SK텔레콤,105700,100000,0.0,-5.39,-5.39,absolute_loss,flow_weakening,외국인/기관 매수상위 제외 — 수급 약화 추정,2
2026-06-11,5D,2026-06-04,2026-06-11,1,055550,신한지주,100100,96900,0.0,-3.2,-3.2,absolute_loss,gap_down,갭하락 시작 (시초가 -4.0%) — 매도 압력 우세,1
2026-06-11,5D,2026-06-04,2026-06-11,2,000990,DB하이텍,176400,155200,0.0,-12.02,-12.02,absolute_loss,gap_down,갭하락 시작 (시초가 -15.25%) — 매도 압력 우세,1
2026-06-11,5D,2026-06-04,2026-06-11,3,010140,삼성중공업,28400,25300,0.0,-10.92,-10.92,absolute_loss,volume_drop,거래량 급감 (-44.6%) — 관심 식음,3
2026-06-11,5D,2026-06-04,2026-06-11,4,105560,KB금융,164200,151500,0.0,-7.73,-7.73,absolute_loss,gap_down,갭하락 시작 (시초가 -6.33%) — 매도 압력 우세,2
2026-06-11,5D,2026-06-04,2026-06-11,6,086790,하나금융지주,120600,114800,0.0,-4.81,-4.81,absolute_loss,flow_weakening,외국인/기관 매수상위 제외 — 수급 약화 추정,2
2026-06-11,5D,2026-06-04,2026-06-11,7,000720,현대건설,136600,122700,0.0,-10.18,-10.18,absolute_loss,flow_weakening,외국인/기관 매수상위 제외 — 수급 약화 추정,2
2026-06-11,5D,2026-06-04,2026-06-11,8,316140,우리금융지주,30400,30150,0.0,-0.82,-0.82,absolute_loss,gap_down,갭하락 시작 (시초가 -3.29%) — 매도 압력 우세,1
2026-06-11,5D,2026-06-04,2026-06-11,9,015760,한국전력,38700,35900,0.0,-7.24,-7.24,absolute_loss,gap_down,갭하락 시작 (시초가 -8.14%) — 매도 압력 우세,1
2026-06-11,5D,2026-06-04,2026-06-11,12,005930,삼성전자,351500,299000,0.0,-14.94,-14.94,absolute_loss,gap_down,갭하락 시작 (시초가 -17.35%) — 매도 압력 우세,1
2026-06-11,5D,2026-06-04,2026-06-11,17,000660,SK하이닉스,2298000,2101000,0.0,-8.57,-8.57,absolute_loss,gap_down,갭하락 시작 (시초가 -14.06%) — 매도 압력 우세,1
2026-06-11,5D,2026-06-04,2026-06-11,19,001740,SK네트웍스,13010,11670,0.0,-10.3,-10.3,absolute_loss,volume_drop,거래량 급감 (-40.4%) — 관심 식음,2
2026-06-12,1D,2026-06-11,2026-06-12,9,066570,LG전자,226000,225500,0.0,-0.22,-0.22,absolute_loss,intraday_reversal,갭상승 후 장중 하락 (-4.65%) — 매도세 우세,2
2026-06-12,5D,2026-06-05,2026-06-12,2,105560,KB금융,171600,161200,0.0,-6.06,-6.06,absolute_loss,volume_drop,거래량 급감 (-47.1%) — 관심 식음,2
2026-06-12,5D,2026-06-05,2026-06-12,4,316140,우리금융지주,31200,31150,0.0,-0.16,-0.16,absolute_loss,flow_weakening,외국인/기관 매수상위 제외 — 수급 약화 추정,2
2026-06-12,5D,2026-06-05,2026-06-12,5,009150,삼성전기,1757000,1714000,0.0,-2.45,-2.45,absolute_loss,intraday_reversal,갭상승 후 장중 하락 (-12.77%) — 매도세 우세,1
2026-06-12,5D,2026-06-05,2026-06-12,12,043260,성호전자,48800,46650,0.0,-4.41,-4.41,absolute_loss,gap_down,갭하락 시작 (시초가 -1.64%) — 매도 압력 우세,2
2026-06-12,5D,2026-06-05,2026-06-12,13,055550,신한지주,107500,99600,0.0,-7.35,-7.35,absolute_loss,volume_drop,거래량 급감 (-38.2%) — 관심 식음,3
2026-06-12,5D,2026-06-05,2026-06-12,15,017670,SK텔레콤,106400,103000,0.0,-3.2,-3.2,absolute_loss,flow_weakening,외국인/기관 매수상위 제외 — 수급 약화 추정,3
2026-06-12,5D,2026-06-05,2026-06-12,16,001440,대한전선,39950,37850,0.0,-5.26,-5.26,absolute_loss,volume_drop,거래량 급감 (-61.8%) — 관심 식음,3
2026-06-12,5D,2026-06-05,2026-06-12,17,064400,LG씨엔에스,117500,92800,0.0,-21.02,-21.02,absolute_loss,flow_weakening,외국인/기관 매수상위 제외 — 수급 약화 추정,3
2026-06-17,1D,2026-06-12,2026-06-17,3,043260,성호전자,46650,42700,0.0,-8.47,-8.47,absolute_loss,flow_weakening,외국인/기관 매수상위 제외 — 수급 약화 추정,2
2026-06-17,1D,2026-06-12,2026-06-17,7,035720,카카오,41500,40550,0.0,-2.29,-2.29,absolute_loss,volume_drop,거래량 급감 (-72.1%) — 관심 식음,3
2026-06-17,1D,2026-06-12,2026-06-17,8,032640,LG유플러스,15950,15600,0.0,-2.19,-2.19,absolute_loss,volume_drop,거래량 급감 (-56.1%) — 관심 식음,3
2026-06-17,1D,2026-06-12,2026-06-17,10,090710,휴림로봇,11730,10970,0.0,-6.48,-6.48,absolute_loss,volume_drop,거래량 급감 (-85.5%) — 관심 식음,3
2026-06-17,1D,2026-06-12,2026-06-17,16,082920,비츠로셀,46900,43800,0.0,-6.61,-6.61,absolute_loss,volume_drop,거래량 급감 (-40.9%) — 관심 식음,3
2026-06-17,5D,2026-06-08,2026-06-17,1,032640,LG유플러스,15720,15600,0.0,-0.76,-0.76,absolute_loss,volume_drop,거래량 급감 (-73.9%) — 관심 식음,3
2026-06-17,5D,2026-06-08,2026-06-17,2,001740,SK네트웍스,14170,11880,0.0,-16.16,-16.16,absolute_loss,volume_drop,거래량 급감 (-89.8%) — 관심 식음,4
2026-06-17,5D,2026-06-08,2026-06-17,6,035420,NAVER,279000,243500,0.0,-12.72,-12.72,absolute_loss,volume_drop,거래량 급감 (-88.6%) — 관심 식음,3
2026-06-17,5D,2026-06-08,2026-06-17,7,066570,LG전자,268000,234500,0.0,-12.5,-12.5,absolute_loss,volume_drop,거래량 급감 (-70.5%) — 관심 식음,2
2026-06-17,5D,2026-06-08,2026-06-17,10,064400,LG씨엔에스,106500,92400,0.0,-13.24,-13.24,absolute_loss,volume_drop,거래량 급감 (-66.0%) — 관심 식음,2
2026-06-18,1D,2026-06-17,2026-06-18,1,010140,삼성중공업,28950,27700,0.0,-4.32,-4.32,absolute_loss,volume_drop,거래량 급감 (-36.5%) — 관심 식음,2
2026-06-18,1D,2026-06-17,2026-06-18,3,042660,한화오션,133100,125100,0.0,-6.01,-6.01,absolute_loss,volume_drop,거래량 급감 (-64.5%) — 관심 식음,2
2026-06-18,1D,2026-06-17,2026-06-18,4,088350,한화생명,5700,5440,0.0,-4.56,-4.56,absolute_loss,volume_drop,거래량 급감 (-76.2%) — 관심 식음,4
2026-06-18,1D,2026-06-17,2026-06-18,5,353200,대덕전자,174200,167600,0.0,-3.79,-3.79,absolute_loss,flow_weakening,외국인/기관 매수상위 제외 — 수급 약화 추정,2
2026-06-18,1D,2026-06-17,2026-06-18,8,015760,한국전력,40500,39350,0.0,-2.84,-2.84,absolute_loss,flow_weakening,외국인/기관 매수상위 제외 — 수급 약화 추정,3
2026-06-18,1D,2026-06-17,2026-06-18,13,279570,케이뱅크,7200,6880,0.0,-4.44,-4.44,absolute_loss,volume_drop,거래량 감소 (-20.9%),1
2026-06-18,1D,2026-06-17,2026-06-18,15,011200,HMM,22100,20450,0.0,-7.47,-7.47,absolute_loss,volume_drop,거래량 급감 (-44.6%) — 관심 식음,2
2026-06-18,1D,2026-06-17,2026-06-18,17,475150,SK이터닉스,52400,48700,0.0,-7.06,-7.06,absolute_loss,volume_drop,거래량 급감 (-32.4%) — 관심 식음,1
2026-06-18,1D,2026-06-17,2026-06-18,19,035420,NAVER,243500,235000,0.0,-3.49,-3.49,absolute_loss,gap_down,갭하락 시작 (시초가 -1.03%) — 매도 압력 우세,1
2026-06-18,1D,2026-06-17,2026-06-18,20,066570,LG전자,234500,228500,0.0,-2.56,-2.56,absolute_loss,intraday_reversal,갭상승 후 장중 하락 (-4.59%) — 매도세 우세,1
2026-06-18,5D,2026-06-09,2026-06-18,1,006800,미래에셋증권,51500,50700,0.0,-1.55,-1.55,absolute_loss,flow_weakening,외국인/기관 매수상위 제외 — 수급 약화 추정,2
2026-06-18,5D,2026-06-09,2026-06-18,3,055550,신한지주,101200,100800,0.0,-0.4,-0.4,absolute_loss,flow_weakening,외국인/기관 매수상위 제외 — 수급 약화 추정,2
2026-06-18,5D,2026-06-09,2026-06-18,5,035720,카카오,39500,39300,0.0,-0.51,-0.51,absolute_loss,volume_drop,거래량 급감 (-40.6%) — 관심 식음,3
2026-06-18,5D,2026-06-09,2026-06-18,16,017670,SK텔레콤,108100,95900,0.0,-11.29,-11.29,absolute_loss,volume_drop,거래량 급감 (-66.0%) — 관심 식음,3
2026-06-18,5D,2026-06-09,2026-06-18,20,319400,현대무벡스,34800,33700,0.0,-3.16,-3.16,absolute_loss,volume_drop,거래량 급감 (-39.8%) — 관심 식음,4
2026-06-23,1D,2026-06-18,2026-06-23,1,005930,삼성전자,362500,310000,0.0,-14.48,-14.48,absolute_loss,gap_down,갭하락 시작 (시초가 -4.14%) — 매도 압력 우세,1
2026-06-23,1D,2026-06-18,2026-06-23,2,052710,아모텍,31900,25100,0.0,-21.32,-21.32,absolute_loss,volume_drop,거래량 급감 (-77.7%) — 관심 식음,2
2026-06-23,1D,2026-06-18,2026-06-23,3,080220,제주반도체,117700,110800,0.0,-5.86,-5.86,absolute_loss,volume_drop,거래량 급감 (-38.4%) — 관심 식음,3
2026-06-23,1D,2026-06-18,2026-06-23,4,032830,삼성생명,469000,425000,0.0,-9.38,-9.38,absolute_loss,gap_down,갭하락 시작 (시초가 -2.88%) — 매도 압력 우세,1
2026-06-23,1D,2026-06-18,2026-06-23,5,004310,현대약품,8500,7150,0.0,-15.88,-15.88,absolute_loss,volume_drop,거래량 급감 (-73.5%) — 관심 식음,3
2026-06-23,1D,2026-06-18,2026-06-23,6,000660,SK하이닉스,2685000,2555000,0.0,-4.84,-4.84,absolute_loss,flow_weakening,외국인/기관 매수상위 제외 — 수급 약화 추정,3
2026-06-23,1D,2026-06-18,2026-06-23,8,319660,피에스케이,172000,159700,0.0,-7.15,-7.15,absolute_loss,volume_drop,거래량 급감 (-30.4%) — 관심 식음,4
2026-06-23,1D,2026-06-18,2026-06-23,9,001820,삼화콘덴서,190100,142000,0.0,-25.3,-25.3,absolute_loss,volume_drop,거래량 급감 (-82.1%) — 관심 식음,4
2026-06-23,1D,2026-06-18,2026-06-23,11,240810,원익IPS,163200,150100,0.0,-8.03,-8.03,absolute_loss,flow_weakening,외국인/기관 매수상위 제외 — 수급 약화 추정,3
2026-06-23,1D,2026-06-18,2026-06-23,12,004710,한솔테크닉스,13750,12870,0.0,-6.4,-6.4,absolute_loss,volume_drop,거래량 급감 (-61.5%) — 관심 식음,3
2026-06-23,1D,2026-06-18,2026-06-23,15,009150,삼성전기,2200000,1990000,0.0,-9.55,-9.55,absolute_loss,overheating,과열 후 조정 (어제 +8.3% → 오늘 -9.6%) — 차익실현 추정,3
2026-06-23,1D,2026-06-18,2026-06-23,16,066570,LG전자,228500,202000,0.0,-11.6,-11.6,absolute_loss,flow_weakening,외국인/기관 매수상위 제외 — 수급 약화 추정,1
2026-06-23,1D,2026-06-18,2026-06-23,17,279570,케이뱅크,6880,6050,0.0,-12.06,-12.06,absolute_loss,volume_drop,거래량 급감 (-61.7%) — 관심 식음,3
2026-06-23,1D,2026-06-18,2026-06-23,18,003490,대한항공,28850,25900,0.0,-10.23,-10.23,absolute_loss,gap_down,갭하락 시작 (시초가 -5.2%) — 매도 압력 우세,1
2026-06-23,1D,2026-06-18,2026-06-23,20,475150,SK이터닉스,48700,37700,0.0,-22.59,-22.59,absolute_loss,volume_drop,거래량 급감 (-53.8%) — 관심 식음,3
2026-06-23,5D,2026-06-10,2026-06-23,3,009830,한화솔루션,36600,34050,0.0,-6.97,-6.97,absolute_loss,volume_drop,거래량 급감 (-49.8%) — 관심 식음,3
2026-06-23,5D,2026-06-10,2026-06-23,4,028050,삼성E&A,47300,44850,0.0,-5.18,-5.18,absolute_loss,intraday_reversal,갭상승 후 장중 하락 (-9.58%) — 매도세 우세,1
2026-06-23,5D,2026-06-10,2026-06-23,11,347700,스피어,29650,19870,0.0,-32.98,-32.98,absolute_loss,overheating,과열 후 조정 (어제 +5.5% → 오늘 -33.0%) — 차익실현 추정,2
2026-06-23,5D,2026-06-10,2026-06-23,12,001450,현대해상,37550,36000,0.0,-4.13,-4.13,absolute_loss,volume_drop,거래량 급감 (-60.6%) — 관심 식음,3
2026-06-23,5D,2026-06-10,2026-06-23,13,047040,대우건설,20750,19380,0.0,-6.6,-6.6,absolute_loss,intraday_reversal,갭상승 후 장중 하락 (-9.23%) — 매도세 우세,1
2026-06-23,5D,2026-06-10,2026-06-23,14,066570,LG전자,224000,202000,0.0,-9.82,-9.82,absolute_loss,volume_drop,거래량 급감 (-47.0%) — 관심 식음,3
2026-06-23,5D,2026-06-10,2026-06-23,15,015760,한국전력,36400,36250,0.0,-0.41,-0.41,absolute_loss,intraday_reversal,갭상승 후 장중 하락 (-5.84%) — 매도세 우세,1
2026-06-23,5D,2026-06-10,2026-06-23,19,017670,SK텔레콤,105700,89900,0.0,-14.95,-14.95,absolute_loss,volume_drop,거래량 급감 (-33.8%) — 관심 식음,2
2026-06-23,5D,2026-06-10,2026-06-23,20,178320,서진시스템,69700,56700,0.0,-18.65,-18.65,absolute_loss,volume_drop,거래량 급감 (-61.7%) — 관심 식음,2
2026-06-25,1D,2026-06-23,2026-06-25,2,006340,대원전선,10700,9900,0.0,-7.48,-7.48,absolute_loss,volume_drop,거래량 급감 (-76.9%) — 관심 식음,3
2026-06-25,1D,2026-06-23,2026-06-25,8,034020,두산에너빌리티,89200,87800,0.0,-1.57,-1.57,absolute_loss,volume_drop,거래량 급감 (-38.3%) — 관심 식음,3
2026-06-25,1D,2026-06-23,2026-06-25,9,028050,삼성E&A,44850,43200,0.0,-3.68,-3.68,absolute_loss,volume_drop,거래량 급감 (-45.5%) — 관심 식음,2
2026-06-25,1D,2026-06-23,2026-06-25,14,080220,제주반도체,110800,108100,0.0,-2.44,-2.44,absolute_loss,flow_weakening,외국인/기관 매수상위 제외 — 수급 약화 추정,3
2026-06-25,1D,2026-06-23,2026-06-25,15,032640,LG유플러스,14200,14010,0.0,-1.34,-1.34,absolute_loss,volume_drop,거래량 급감 (-32.6%) — 관심 식음,2
2026-06-25,1D,2026-06-23,2026-06-25,16,178320,서진시스템,56700,53100,0.0,-6.35,-6.35,absolute_loss,gap_down,갭하락 시작 (시초가 -1.23%) — 매도 압력 우세,1
2026-06-25,1D,2026-06-23,2026-06-25,19,316140,우리금융지주,29450,29050,0.0,-1.36,-1.36,absolute_loss,flow_weakening,외국인/기관 매수상위 제외 — 수급 약화 추정,3
2026-06-25,1D,2026-06-23,2026-06-25,20,010120,LS ELECTRIC,232500,219000,0.0,-5.81,-5.81,absolute_loss,volume_drop,거래량 급감 (-56.0%) — 관심 식음,3
2026-06-25,5D,2026-06-11,2026-06-25,4,279570,케이뱅크,6220,6140,0.0,-1.29,-1.29,absolute_loss,volume_drop,거래량 급감 (-74.2%) — 관심 식음,3
2026-06-25,5D,2026-06-11,2026-06-25,5,035720,카카오,39300,34250,0.0,-12.85,-12.85,absolute_loss,gap_down,갭하락 시작 (시초가 -12.34%) — 매도 압력 우세,2
2026-06-25,5D,2026-06-11,2026-06-25,8,032640,LG유플러스,15390,14010,0.0,-8.97,-8.97,absolute_loss,volume_drop,거래량 급감 (-46.7%) — 관심 식음,3
2026-06-25,5D,2026-06-11,2026-06-25,9,066570,LG전자,226000,203000,0.0,-10.18,-10.18,absolute_loss,volume_drop,거래량 급감 (-67.8%) — 관심 식음,2
2026-06-25,5D,2026-06-11,2026-06-25,11,032820,우리기술,13520,12200,0.0,-9.76,-9.76,absolute_loss,gap_down,갭하락 시작 (시초가 -4.88%) — 매도 압력 우세,2
2026-06-25,5D,2026-06-11,2026-06-25,12,082920,비츠로셀,45800,38900,0.0,-15.07,-15.07,absolute_loss,volume_drop,거래량 급감 (-87.0%) — 관심 식음,2
2026-06-25,5D,2026-06-11,2026-06-25,13,011200,HMM,18850,18660,0.0,-1.01,-1.01,absolute_loss,volume_drop,거래량 급감 (-40.3%) — 관심 식음,3
2026-06-25,5D,2026-06-11,2026-06-25,14,001740,SK네트웍스,11670,10800,0.0,-7.46,-7.46,absolute_loss,flow_weakening,외국인/기관 매수상위 제외 — 수급 약화 추정,2
2026-06-25,5D,2026-06-11,2026-06-25,16,316140,우리금융지주,30150,29050,0.0,-3.65,-3.65,absolute_loss,volume_drop,거래량 급감 (-37.2%) — 관심 식음,3
2026-06-25,5D,2026-06-11,2026-06-25,17,088980,맥쿼리인프라,10930,10750,0.0,-1.65,-1.65,absolute_loss,flow_weakening,외국인/기관 매수상위 제외 — 수급 약화 추정,2
2026-06-26,1D,2026-06-25,2026-06-26,1,006800,미래에셋증권,43450,40250,0.0,-7.36,-7.36,absolute_loss,flow_weakening,외국인/기관 매수상위 제외 — 수급 약화 추정,3
2026-06-26,1D,2026-06-25,2026-06-26,3,005930,삼성전자,358500,339500,0.0,-5.3,-5.3,absolute_loss,flow_weakening,외국인/기관 매수상위 제외 — 수급 약화 추정,3
2026-06-26,1D,2026-06-25,2026-06-26,4,047040,대우건설,19860,18190,0.0,-8.41,-8.41,absolute_loss,gap_down,갭하락 시작 (시초가 -1.51%) — 매도 압력 우세,1
2026-06-26,1D,2026-06-25,2026-06-26,5,032830,삼성생명,447000,432500,0.0,-3.24,-3.24,absolute_loss,intraday_reversal,갭상승 후 장중 하락 (-3.89%) — 매도세 우세,2
2026-06-26,1D,2026-06-25,2026-06-26,6,015760,한국전력,38800,37100,0.0,-4.38,-4.38,absolute_loss,overheating,과열 후 조정 (어제 +5.6% → 오늘 -4.4%) — 차익실현 추정,1
2026-06-26,1D,2026-06-25,2026-06-26,7,290650,엘앤씨바이오,97100,88300,0.0,-9.06,-9.06,absolute_loss,gap_down,갭하락 시작 (시초가 -3.19%) — 매도 압력 우세,2
2026-06-26,1D,2026-06-25,2026-06-26,8,007660,이수페타시스,109600,107800,0.0,-1.64,-1.64,absolute_loss,flow_weakening,외국인/기관 매수상위 제외 — 수급 약화 추정,3
2026-06-26,1D,2026-06-25,2026-06-26,9,279570,케이뱅크,6140,5610,0.0,-8.63,-8.63,absolute_loss,flow_weakening,외국인/기관 매수상위 제외 — 수급 약화 추정,2
2026-06-26,1D,2026-06-25,2026-06-26,10,003490,대한항공,29100,28050,0.0,-3.61,-3.61,absolute_loss,volume_drop,거래량 급감 (-46.0%) — 관심 식음,3
2026-06-26,1D,2026-06-25,2026-06-26,11,009150,삼성전기,1997000,1993000,0.0,-0.2,-0.2,absolute_loss,unknown,특이 패턴 미감지 (외부 요인 또는 시장 전반 영향 추정),0
2026-06-26,1D,2026-06-25,2026-06-26,12,141080,리가켐바이오,155800,142900,0.0,-8.28,-8.28,absolute_loss,intraday_reversal,갭상승 후 장중 하락 (-14.38%) — 매도세 우세,1
2026-06-26,1D,2026-06-25,2026-06-26,13,035720,카카오,34250,33150,0.0,-3.21,-3.21,absolute_loss,flow_weakening,외국인/기관 매수상위 제외 — 수급 약화 추정,2
2026-06-26,1D,2026-06-25,2026-06-26,16,000660,SK하이닉스,2917000,2673000,0.0,-8.36,-8.36,absolute_loss,overheating,과열 후 조정 (어제 +13.1% → 오늘 -8.4%) — 차익실현 추정,2
2026-06-26,1D,2026-06-25,2026-06-26,17,475150,SK이터닉스,49050,43200,0.0,-11.93,-11.93,absolute_loss,volume_drop,거래량 급감 (-33.9%) — 관심 식음,4
2026-06-26,1D,2026-06-25,2026-06-26,18,196170,알테오젠,375000,343500,0.0,-8.4,-8.4,absolute_loss,volume_drop,거래량 급감 (-34.8%) — 관심 식음,3
2026-06-26,1D,2026-06-25,2026-06-26,19,402340,SK스퀘어,1899000,1720000,0.0,-9.43,-9.43,absolute_loss,flow_weakening,외국인/기관 매수상위 제외 — 수급 약화 추정,4
2026-06-26,1D,2026-06-25,2026-06-26,20,036930,주성엔지니어링,166900,165600,0.0,-0.78,-0.78,absolute_loss,unknown,특이 패턴 미감지 (외부 요인 또는 시장 전반 영향 추정),0
2026-06-26,5D,2026-06-12,2026-06-26,2,024110,기업은행,21800,19660,0.0,-9.82,-9.82,absolute_loss,volume_drop,거래량 급감 (-35.2%) — 관심 식음,3
2026-06-26,5D,2026-06-12,2026-06-26,4,015760,한국전력,37650,37100,0.0,-1.46,-1.46,absolute_loss,intraday_reversal,갭상승 후 장중 하락 (-3.64%) — 매도세 우세,2
2026-06-26,5D,2026-06-12,2026-06-26,5,055550,신한지주,99600,91600,0.0,-8.03,-8.03,absolute_loss,volume_drop,거래량 급감 (-40.9%) — 관심 식음,2
2026-06-26,5D,2026-06-12,2026-06-26,7,035720,카카오,41500,33150,0.0,-20.12,-20.12,absolute_loss,volume_drop,거래량 급감 (-56.4%) — 관심 식음,4
2026-06-26,5D,2026-06-12,2026-06-26,8,032640,LG유플러스,15950,14220,0.0,-10.85,-10.85,absolute_loss,volume_drop,거래량 급감 (-43.2%) — 관심 식음,3
2026-06-26,5D,2026-06-12,2026-06-26,9,034020,두산에너빌리티,93100,81100,0.0,-12.89,-12.89,absolute_loss,overheating,과열 후 조정 (어제 +5.1% → 오늘 -12.9%) — 차익실현 추정,2
2026-06-26,5D,2026-06-12,2026-06-26,10,090710,휴림로봇,11730,7420,0.0,-36.74,-36.74,absolute_loss,volume_drop,거래량 급감 (-69.3%) — 관심 식음,3
2026-06-26,5D,2026-06-12,2026-06-26,11,279570,케이뱅크,6570,5610,0.0,-14.61,-14.61,absolute_loss,volume_drop,거래량 급감 (-72.3%) — 관심 식음,4
2026-06-26,5D,2026-06-12,2026-06-26,12,001440,대한전선,37850,31000,0.0,-18.1,-18.1,absolute_loss,flow_weakening,외국인/기관 매수상위 제외 — 수급 약화 추정,4
2026-06-26,5D,2026-06-12,2026-06-26,13,028050,삼성E&A,47600,41450,0.0,-12.92,-12.92,absolute_loss,volume_drop,거래량 급감 (-39.3%) — 관심 식음,2
2026-06-26,5D,2026-06-12,2026-06-26,14,316140,우리금융지주,31150,28350,0.0,-8.99,-8.99,absolute_loss,flow_weakening,외국인/기관 매수상위 제외 — 수급 약화 추정,2
2026-06-26,5D,2026-06-12,2026-06-26,15,017670,SK텔레콤,103000,90600,0.0,-12.04,-12.04,absolute_loss,volume_drop,거래량 급감 (-34.7%) — 관심 식음,3
2026-06-26,5D,2026-06-12,2026-06-26,16,082920,비츠로셀,46900,36950,0.0,-21.22,-21.22,absolute_loss,volume_drop,거래량 급감 (-55.1%) — 관심 식음,2
2026-06-26,5D,2026-06-12,2026-06-26,17,010140,삼성중공업,26900,23000,0.0,-14.5,-14.5,absolute_loss,overheating,과열 후 조정 (어제 +6.3% → 오늘 -14.5%) — 차익실현 추정,2
2026-06-26,5D,2026-06-12,2026-06-26,18,006340,대원전선,10470,9040,0.0,-13.66,-13.66,absolute_loss,flow_weakening,외국인/기관 매수상위 제외 — 수급 약화 추정,2
2026-06-26,5D,2026-06-12,2026-06-26,20,005380,현대차,607000,480500,0.0,-20.84,-20.84,absolute_loss,gap_down,갭하락 시작 (시초가 -18.2%) — 매도 압력 우세,1
2026-06-29,1D,2026-06-26,2026-06-29,2,240810,원익IPS,163800,159000,0.0,-2.93,-2.93,absolute_loss,volume_drop,거래량 급감 (-33.0%) — 관심 식음,4
2026-06-29,1D,2026-06-26,2026-06-29,5,000660,SK하이닉스,2673000,2628000,0.0,-1.68,-1.68,absolute_loss,volume_drop,거래량 급감 (-30.1%) — 관심 식음,2
2026-06-29,1D,2026-06-26,2026-06-29,11,088980,맥쿼리인프라,10590,10470,0.0,-1.13,-1.13,absolute_loss,gap_down,갭하락 시작 (시초가 -2.64%) — 매도 압력 우세,2
2026-06-29,1D,2026-06-26,2026-06-29,14,032580,피델릭스,4480,4460,0.0,-0.45,-0.45,absolute_loss,volume_drop,거래량 급감 (-61.0%) — 관심 식음,3
2026-06-29,1D,2026-06-26,2026-06-29,15,089970,브이엠,107600,106100,0.0,-1.39,-1.39,absolute_loss,volume_drop,거래량 급감 (-41.6%) — 관심 식음,4
2026-06-29,5D,2026-06-17,2026-06-29,1,010140,삼성중공업,28950,24450,0.0,-15.54,-15.54,absolute_loss,flow_weakening,외국인/기관 매수상위 제외 — 수급 약화 추정,3
2026-06-29,5D,2026-06-17,2026-06-29,2,240810,원익IPS,161700,159000,0.0,-1.67,-1.67,absolute_loss,flow_weakening,외국인/기관 매수상위 제외 — 수급 약화 추정,3
2026-06-29,5D,2026-06-17,2026-06-29,3,042660,한화오션,133100,105500,0.0,-20.74,-20.74,absolute_loss,volume_drop,거래량 급감 (-82.5%) — 관심 식음,2
2026-06-29,5D,2026-06-17,2026-06-29,4,088350,한화생명,5700,4540,0.0,-20.35,-20.35,absolute_loss,volume_drop,거래량 급감 (-89.9%) — 관심 식음,4
2026-06-29,5D,2026-06-17,2026-06-29,6,089030,테크윙,62100,51600,0.0,-16.91,-16.91,absolute_loss,volume_drop,거래량 급감 (-63.5%) — 관심 식음,3
2026-06-29,5D,2026-06-17,2026-06-29,8,015760,한국전력,40500,38250,0.0,-5.56,-5.56,absolute_loss,volume_drop,거래량 급감 (-48.0%) — 관심 식음,2
2026-06-29,5D,2026-06-17,2026-06-29,11,005930,삼성전자,346500,323000,0.0,-6.78,-6.78,absolute_loss,gap_down,갭하락 시작 (시초가 -4.47%) — 매도 압력 우세,1
2026-06-29,5D,2026-06-17,2026-06-29,15,011200,HMM,22100,19220,0.0,-13.03,-13.03,absolute_loss,volume_drop,거래량 급감 (-63.2%) — 관심 식음,3
2026-06-29,5D,2026-06-17,2026-06-29,16,080220,제주반도체,111500,96900,0.0,-13.09,-13.09,absolute_loss,volume_drop,거래량 급감 (-80.4%) — 관심 식음,4
2026-06-29,5D,2026-06-17,2026-06-29,17,475150,SK이터닉스,52400,50000,0.0,-4.58,-4.58,absolute_loss,flow_weakening,외국인/기관 매수상위 제외 — 수급 약화 추정,2
2026-06-29,5D,2026-06-17,2026-06-29,19,035420,NAVER,243500,204000,0.0,-16.22,-16.22,absolute_loss,gap_down,갭하락 시작 (시초가 -18.56%) — 매도 압력 우세,1
2026-06-29,5D,2026-06-17,2026-06-29,20,066570,LG전자,234500,196700,0.0,-16.12,-16.12,absolute_loss,flow_weakening,외국인/기관 매수상위 제외 — 수급 약화 추정,2
2026-06-30,1D,2026-06-29,2026-06-30,1,010170,대한광통신,13540,13200,0.0,-2.51,-2.51,absolute_loss,intraday_reversal,갭상승 후 장중 하락 (-5.17%) — 매도세 우세,3
2026-06-30,1D,2026-06-29,2026-06-30,2,035420,NAVER,204000,199000,0.0,-2.45,-2.45,absolute_loss,flow_weakening,외국인/기관 매수상위 제외 — 수급 약화 추정,2
2026-06-30,1D,2026-06-29,2026-06-30,3,005380,현대차,497000,495000,0.0,-0.4,-0.4,absolute_loss,volume_drop,거래량 급감 (-34.0%) — 관심 식음,3
2026-06-30,1D,2026-06-29,2026-06-30,4,015760,한국전력,38250,37000,0.0,-3.27,-3.27,absolute_loss,flow_weakening,외국인/기관 매수상위 제외 — 수급 약화 추정,2
2026-06-30,1D,2026-06-29,2026-06-30,6,000270,기아,140600,138000,0.0,-1.85,-1.85,absolute_loss,flow_weakening,외국인/기관 매수상위 제외 — 수급 약화 추정,2
2026-06-30,1D,2026-06-29,2026-06-30,9,272210,한화시스템,77500,73000,0.0,-5.81,-5.81,absolute_loss,flow_weakening,외국인/기관 매수상위 제외 — 수급 약화 추정,2
2026-06-30,1D,2026-06-29,2026-06-30,11,316140,우리금융지주,29100,29000,0.0,-0.34,-0.34,absolute_loss,flow_weakening,외국인/기관 매수상위 제외 — 수급 약화 추정,1
2026-06-30,1D,2026-06-29,2026-06-30,12,011200,HMM,19220,18610,0.0,-3.17,-3.17,absolute_loss,flow_weakening,외국인/기관 매수상위 제외 — 수급 약화 추정,2
2026-06-30,1D,2026-06-29,2026-06-30,13,003490,대한항공,28350,27550,0.0,-2.82,-2.82,absolute_loss,flow_weakening,외국인/기관 매수상위 제외 — 수급 약화 추정,2
2026-06-30,1D,2026-06-29,2026-06-30,17,047040,대우건설,19810,18840,0.0,-4.9,-4.9,absolute_loss,volume_drop,거래량 급감 (-45.7%) — 관심 식음,2
2026-06-30,1D,2026-06-29,2026-06-30,18,024110,기업은행,20150,19900,0.0,-1.24,-1.24,absolute_loss,flow_weakening,외국인/기관 매수상위 제외 — 수급 약화 추정,2
2026-06-30,1D,2026-06-29,2026-06-30,19,028050,삼성E&A,47650,47600,0.0,-0.1,-0.1,absolute_loss,volume_drop,거래량 급감 (-45.7%) — 관심 식음,2
2026-06-30,1D,2026-06-29,2026-06-30,20,086520,에코프로,118000,106600,0.0,-9.66,-9.66,absolute_loss,overheating,과열 후 조정 (어제 +23.7% → 오늘 -9.7%) — 차익실현 추정,2
2026-06-30,5D,2026-06-18,2026-06-30,1,005930,삼성전자,362500,334000,0.0,-7.86,-7.86,absolute_loss,gap_down,갭하락 시작 (시초가 -10.76%) — 매도 압력 우세,2
2026-06-30,5D,2026-06-18,2026-06-30,4,032830,삼성생명,469000,401000,0.0,-14.5,-14.5,absolute_loss,gap_down,갭하락 시작 (시초가 -13.01%) — 매도 압력 우세,1
2026-06-30,5D,2026-06-18,2026-06-30,6,000660,SK하이닉스,2685000,2650000,0.0,-1.3,-1.3,absolute_loss,overheating,과열 후 조정 (어제 +6.5% → 오늘 -1.3%) — 차익실현 추정,3
2026-06-30,5D,2026-06-18,2026-06-30,15,009150,삼성전기,2200000,2184000,0.0,-0.73,-0.73,absolute_loss,overheating,과열 후 조정 (어제 +8.3% → 오늘 -0.7%) — 차익실현 추정,3
2026-06-30,5D,2026-06-18,2026-06-30,16,066570,LG전자,228500,203000,0.0,-11.16,-11.16,absolute_loss,gap_down,갭하락 시작 (시초가 -9.41%) — 매도 압력 우세,2
2026-06-30,5D,2026-06-18,2026-06-30,18,003490,대한항공,28850,27550,0.0,-4.51,-4.51,absolute_loss,flow_weakening,외국인/기관 매수상위 제외 — 수급 약화 추정,3
2026-06-30,5D,2026-06-18,2026-06-30,19,402340,SK스퀘어,1700000,1697000,0.0,-0.18,-0.18,absolute_loss,overheating,과열 후 조정 (어제 +6.5% → 오늘 -0.2%) — 차익실현 추정,2
2026-07-02,1D,2026-06-30,2026-07-02,1,005930,삼성전자,334000,286000,0.0,-14.37,-14.37,absolute_loss,flow_weakening,외국인/기관 매수상위 제외 — 수급 약화 추정,2
2026-07-02,1D,2026-06-30,2026-07-02,3,402340,SK스퀘어,1697000,1525000,0.0,-10.14,-10.14,absolute_loss,gap_down,갭하락 시작 (시초가 -6.78%) — 매도 압력 우세,1
2026-07-02,1D,2026-06-30,2026-07-02,4,066570,LG전자,203000,192300,0.0,-5.27,-5.27,absolute_loss,gap_down,갭하락 시작 (시초가 -8.87%) — 매도 압력 우세,1
2026-07-02,1D,2026-06-30,2026-07-02,7,000660,SK하이닉스,2650000,2187000,0.0,-17.47,-17.47,absolute_loss,flow_weakening,외국인/기관 매수상위 제외 — 수급 약화 추정,2
2026-07-02,1D,2026-06-30,2026-07-02,10,047040,대우건설,18840,18350,0.0,-2.6,-2.6,absolute_loss,flow_weakening,외국인/기관 매수상위 제외 — 수급 약화 추정,2
2026-07-02,1D,2026-06-30,2026-07-02,11,010120,LS ELECTRIC,238000,236500,0.0,-0.63,-0.63,absolute_loss,flow_weakening,외국인/기관 매수상위 제외 — 수급 약화 추정,3
2026-07-02,1D,2026-06-30,2026-07-02,12,093370,후성,20050,15270,0.0,-23.84,-23.84,absolute_loss,flow_weakening,외국인/기관 매수상위 제외 — 수급 약화 추정,4
2026-07-02,1D,2026-06-30,2026-07-02,16,009150,삼성전기,2184000,1926000,0.0,-11.81,-11.81,absolute_loss,volume_drop,거래량 급감 (-30.6%) — 관심 식음,4
2026-07-02,1D,2026-06-30,2026-07-02,18,086520,에코프로,106600,86900,0.0,-18.48,-18.48,absolute_loss,volume_drop,거래량 급감 (-39.7%) — 관심 식음,2
2026-07-02,1D,2026-06-30,2026-07-02,19,010170,대한광통신,13200,11960,0.0,-9.39,-9.39,absolute_loss,flow_weakening,외국인/기관 매수상위 제외 — 수급 약화 추정,3
2026-07-02,1D,2026-06-30,2026-07-02,20,222800,심텍,148700,124700,0.0,-16.14,-16.14,absolute_loss,flow_weakening,외국인/기관 매수상위 제외 — 수급 약화 추정,4
2026-07-02,5D,2026-06-23,2026-07-02,6,005930,삼성전자,310000,286000,0.0,-7.74,-7.74,absolute_loss,flow_weakening,외국인/기관 매수상위 제외 — 수급 약화 추정,2
2026-07-02,5D,2026-06-23,2026-07-02,7,047040,대우건설,19380,18350,0.0,-5.31,-5.31,absolute_loss,volume_drop,거래량 급감 (-41.3%) — 관심 식음,2
2026-07-02,5D,2026-06-23,2026-07-02,8,034020,두산에너빌리티,89200,86000,0.0,-3.59,-3.59,absolute_loss,volume_drop,거래량 급감 (-42.8%) — 관심 식음,2
2026-07-02,5D,2026-06-23,2026-07-02,10,006800,미래에셋증권,42150,40150,0.0,-4.74,-4.74,absolute_loss,volume_drop,거래량 급감 (-52.1%) — 관심 식음,2
2026-07-02,5D,2026-06-23,2026-07-02,11,010170,대한광통신,14270,11960,0.0,-16.19,-16.19,absolute_loss,flow_weakening,외국인/기관 매수상위 제외 — 수급 약화 추정,4
2026-07-02,5D,2026-06-23,2026-07-02,12,088980,맥쿼리인프라,10610,9940,0.0,-6.31,-6.31,absolute_loss,flow_weakening,외국인/기관 매수상위 제외 — 수급 약화 추정,2
2026-07-02,5D,2026-06-23,2026-07-02,16,178320,서진시스템,56700,51800,0.0,-8.64,-8.64,absolute_loss,flow_weakening,외국인/기관 매수상위 제외 — 수급 약화 추정,3
2026-07-02,5D,2026-06-23,2026-07-02,17,009150,삼성전기,1990000,1926000,0.0,-3.22,-3.22,absolute_loss,flow_weakening,외국인/기관 매수상위 제외 — 수급 약화 추정,3
2026-07-03,1D,2026-07-02,2026-07-03,5,064400,LG씨엔에스,78300,74200,0.0,-5.24,-5.24,absolute_loss,flow_weakening,외국인/기관 매수상위 제외 — 수급 약화 추정,2
2026-07-03,1D,2026-07-02,2026-07-03,8,010960,삼호개발,4370,3790,0.0,-13.27,-13.27,absolute_loss,volume_drop,거래량 급감 (-73.0%) — 관심 식음,3
2026-07-03,1D,2026-07-02,2026-07-03,12,035420,NAVER,199900,195800,0.0,-2.05,-2.05,absolute_loss,flow_weakening,외국인/기관 매수상위 제외 — 수급 약화 추정,1
2026-07-03,1D,2026-07-02,2026-07-03,14,078930,GS,76900,73000,0.0,-5.07,-5.07,absolute_loss,volume_drop,거래량 급감 (-32.4%) — 관심 식음,5
2026-07-03,1D,2026-07-02,2026-07-03,15,006360,GS건설,29650,28550,0.0,-3.71,-3.71,absolute_loss,volume_drop,거래량 급감 (-48.8%) — 관심 식음,1
2026-07-03,1D,2026-07-02,2026-07-03,18,066570,LG전자,192300,191000,0.0,-0.68,-0.68,absolute_loss,volume_drop,거래량 급감 (-30.5%) — 관심 식음,3
2026-07-03,1D,2026-07-02,2026-07-03,20,036930,주성엔지니어링,227500,192600,0.0,-15.34,-15.34,absolute_loss,flow_weakening,외국인/기관 매수상위 제외 — 수급 약화 추정,3
2026-07-03,5D,2026-06-25,2026-07-03,1,006800,미래에셋증권,43450,42750,0.0,-1.61,-1.61,absolute_loss,volume_drop,거래량 급감 (-41.8%) — 관심 식음,2
2026-07-03,5D,2026-06-25,2026-07-03,2,000990,DB하이텍,158000,120700,0.0,-23.61,-23.61,absolute_loss,gap_down,갭하락 시작 (시초가 -26.08%) — 매도 압력 우세,2
2026-07-03,5D,2026-06-25,2026-07-03,3,005930,삼성전자,358500,309500,0.0,-13.67,-13.67,absolute_loss,overheating,과열 후 조정 (어제 +5.3% → 오늘 -13.7%) — 차익실현 추정,3
2026-07-03,5D,2026-06-25,2026-07-03,4,047040,대우건설,19860,18380,0.0,-7.45,-7.45,absolute_loss,volume_drop,거래량 급감 (-36.1%) — 관심 식음,2
2026-07-03,5D,2026-06-25,2026-07-03,6,015760,한국전력,38800,38250,0.0,-1.42,-1.42,absolute_loss,volume_drop,거래량 급감 (-36.0%) — 관심 식음,3
2026-07-03,5D,2026-06-25,2026-07-03,7,290650,엘앤씨바이오,97100,83100,0.0,-14.42,-14.42,absolute_loss,flow_weakening,외국인/기관 매수상위 제외 — 수급 약화 추정,2
2026-07-03,5D,2026-06-25,2026-07-03,10,003490,대한항공,29100,28850,0.0,-0.86,-0.86,absolute_loss,overheating,과열 후 조정 (어제 +6.4% → 오늘 -0.9%) — 차익실현 추정,3
2026-07-03,5D,2026-06-25,2026-07-03,11,009150,삼성전기,1997000,1989000,0.0,-0.4,-0.4,absolute_loss,flow_weakening,외국인/기관 매수상위 제외 — 수급 약화 추정,2
2026-07-03,5D,2026-06-25,2026-07-03,16,000660,SK하이닉스,2917000,2425000,0.0,-16.87,-16.87,absolute_loss,overheating,과열 후 조정 (어제 +13.1% → 오늘 -16.9%) — 차익실현 추정,2
2026-07-03,5D,2026-06-25,2026-07-03,17,475150,SK이터닉스,49050,47750,0.0,-2.65,-2.65,absolute_loss,volume_drop,거래량 급감 (-51.7%) — 관심 식음,4
2026-07-03,5D,2026-06-25,2026-07-03,18,196170,알테오젠,375000,341500,0.0,-8.93,-8.93,absolute_loss,volume_drop,거래량 급감 (-49.2%) — 관심 식음,3
2026-07-03,5D,2026-06-25,2026-07-03,19,402340,SK스퀘어,1899000,1589000,0.0,-16.32,-16.32,absolute_loss,flow_weakening,외국인/기관 매수상위 제외 — 수급 약화 추정,3
2026-07-06,1D,2026-07-03,2026-07-06,1,138930,BNK금융지주,18780,18610,0.0,-0.91,-0.91,absolute_loss,volume_drop,거래량 급감 (-47.4%) — 관심 식음,2
2026-07-06,1D,2026-07-03,2026-07-06,2,068270,셀트리온,183600,175900,0.0,-4.19,-4.19,absolute_loss,volume_drop,거래량 급감 (-38.3%) — 관심 식음,2
2026-07-06,1D,2026-07-03,2026-07-06,6,161890,한국콜마,117800,116300,0.0,-1.27,-1.27,absolute_loss,volume_drop,거래량 급감 (-48.8%) — 관심 식음,2
2026-07-06,1D,2026-07-03,2026-07-06,8,086790,하나금융지주,125600,124800,0.0,-0.64,-0.64,absolute_loss,volume_drop,거래량 급감 (-41.0%) — 관심 식음,1
2026-07-06,1D,2026-07-03,2026-07-06,9,000990,DB하이텍,120700,112900,0.0,-6.46,-6.46,absolute_loss,volume_drop,거래량 감소 (-24.8%),1
2026-07-06,1D,2026-07-03,2026-07-06,10,058470,리노공업,78600,74900,0.0,-4.71,-4.71,absolute_loss,volume_drop,거래량 급감 (-37.9%) — 관심 식음,3
2026-07-06,1D,2026-07-03,2026-07-06,14,009150,삼성전기,1989000,1828000,0.0,-8.09,-8.09,absolute_loss,volume_drop,거래량 급감 (-30.5%) — 관심 식음,2
2026-07-06,1D,2026-07-03,2026-07-06,17,347700,스피어,24900,24500,0.0,-1.61,-1.61,absolute_loss,volume_drop,거래량 급감 (-36.0%) — 관심 식음,1
2026-07-06,1D,2026-07-03,2026-07-06,18,402340,SK스퀘어,1589000,1495000,0.0,-5.92,-5.92,absolute_loss,volume_drop,거래량 급감 (-34.7%) — 관심 식음,3
2026-07-06,5D,2026-06-26,2026-07-06,2,240810,원익IPS,163800,124500,0.0,-23.99,-23.99,absolute_loss,volume_drop,거래량 급감 (-47.9%) — 관심 식음,4
2026-07-06,5D,2026-06-26,2026-07-06,3,047040,대우건설,18190,18080,0.0,-0.6,-0.6,absolute_loss,volume_drop,거래량 급감 (-52.7%) — 관심 식음,3
2026-07-06,5D,2026-06-26,2026-07-06,5,000660,SK하이닉스,2673000,2343000,0.0,-12.35,-12.35,absolute_loss,volume_drop,거래량 급감 (-43.3%) — 관심 식음,3
2026-07-06,5D,2026-06-26,2026-07-06,6,066570,LG전자,195900,185700,0.0,-5.21,-5.21,absolute_loss,volume_drop,거래량 급감 (-48.2%) — 관심 식음,3
2026-07-06,5D,2026-06-26,2026-07-06,11,088980,맥쿼리인프라,10590,10110,0.0,-4.53,-4.53,absolute_loss,volume_drop,거래량 급감 (-74.4%) — 관심 식음,3
2026-07-06,5D,2026-06-26,2026-07-06,13,009150,삼성전기,1993000,1828000,0.0,-8.28,-8.28,absolute_loss,volume_drop,거래량 급감 (-37.2%) — 관심 식음,2
2026-07-06,5D,2026-06-26,2026-07-06,15,089970,브이엠,107600,97300,0.0,-9.57,-9.57,absolute_loss,volume_drop,거래량 급감 (-69.3%) — 관심 식음,3
2026-07-06,5D,2026-06-26,2026-07-06,19,086520,에코프로,95400,85500,0.0,-10.38,-10.38,absolute_loss,volume_drop,거래량 급감 (-43.2%) — 관심 식음,2
2026-07-07,1D,2026-07-06,2026-07-07,1,028260,삼성물산,449500,424500,0.0,-5.56,-5.56,absolute_loss,flow_weakening,외국인/기관 매수상위 제외 — 수급 약화 추정,1
2026-07-07,1D,2026-07-06,2026-07-07,3,000890,보해양조,1845,1711,0.0,-7.26,-7.26,absolute_loss,flow_weakening,외국인/기관 매수상위 제외 — 수급 약화 추정,2
2026-07-07,1D,2026-07-06,2026-07-07,4,006800,미래에셋증권,44750,42600,0.0,-4.8,-4.8,absolute_loss,volume_drop,거래량 급감 (-39.0%) — 관심 식음,3
2026-07-07,1D,2026-07-06,2026-07-07,6,015760,한국전력,39150,38200,0.0,-2.43,-2.43,absolute_loss,gap_down,갭하락 시작 (시초가 -1.53%) — 매도 압력 우세,1
2026-07-07,1D,2026-07-06,2026-07-07,7,005930,삼성전자,318000,296000,0.0,-6.92,-6.92,absolute_loss,flow_weakening,외국인/기관 매수상위 제외 — 수급 약화 추정,2
2026-07-07,1D,2026-07-06,2026-07-07,8,005380,현대차,502000,479500,0.0,-4.48,-4.48,absolute_loss,flow_weakening,외국인/기관 매수상위 제외 — 수급 약화 추정,2
2026-07-07,1D,2026-07-06,2026-07-07,9,016360,삼성증권,121300,115600,0.0,-4.7,-4.7,absolute_loss,volume_drop,거래량 급감 (-46.1%) — 관심 식음,2
2026-07-07,1D,2026-07-06,2026-07-07,10,005940,NH투자증권,33100,31850,0.0,-3.78,-3.78,absolute_loss,overheating,과열 후 조정 (어제 +5.4% → 오늘 -3.8%) — 차익실현 추정,3
2026-07-07,1D,2026-07-06,2026-07-07,11,000270,기아,160700,153700,0.0,-4.36,-4.36,absolute_loss,overheating,과열 후 조정 (어제 +5.7% → 오늘 -4.4%) — 차익실현 추정,3
2026-07-07,1D,2026-07-06,2026-07-07,12,010140,삼성중공업,23700,22450,0.0,-5.27,-5.27,absolute_loss,flow_weakening,외국인/기관 매수상위 제외 — 수급 약화 추정,2
2026-07-07,1D,2026-07-06,2026-07-07,15,028050,삼성E&A,48300,47550,0.0,-1.55,-1.55,absolute_loss,flow_weakening,외국인/기관 매수상위 제외 — 수급 약화 추정,1
2026-07-07,1D,2026-07-06,2026-07-07,16,042660,한화오션,116100,89800,0.0,-22.65,-22.65,absolute_loss,flow_weakening,외국인/기관 매수상위 제외 — 수급 약화 추정,3
2026-07-07,1D,2026-07-06,2026-07-07,17,035720,카카오,35600,35400,0.0,-0.56,-0.56,absolute_loss,flow_weakening,외국인/기관 매수상위 제외 — 수급 약화 추정,1
2026-07-07,1D,2026-07-06,2026-07-07,20,043260,성호전자,21250,19400,0.0,-8.71,-8.71,absolute_loss,gap_down,갭하락 시작 (시초가 -2.82%) — 매도 압력 우세,1
2026-07-07,5D,2026-06-29,2026-07-07,1,010170,대한광통신,13540,10960,0.0,-19.05,-19.05,absolute_loss,gap_down,갭하락 시작 (시초가 -17.43%) — 매도 압력 우세,2
2026-07-07,5D,2026-06-29,2026-07-07,2,035420,NAVER,204000,197200,0.0,-3.33,-3.33,absolute_loss,gap_down,갭하락 시작 (시초가 -4.61%) — 매도 압력 우세,1
2026-07-07,5D,2026-06-29,2026-07-07,3,005380,현대차,497000,479500,0.0,-3.52,-3.52,absolute_loss,flow_weakening,외국인/기관 매수상위 제외 — 수급 약화 추정,2
2026-07-07,5D,2026-06-29,2026-07-07,4,015760,한국전력,38250,38200,0.0,-0.13,-0.13,absolute_loss,intraday_reversal,갭상승 후 장중 하락 (-0.91%) — 매도세 우세,2
2026-07-07,5D,2026-06-29,2026-07-07,5,009150,삼성전기,2038000,1648000,0.0,-19.14,-19.14,absolute_loss,flow_weakening,외국인/기관 매수상위 제외 — 수급 약화 추정,2
2026-07-07,5D,2026-06-29,2026-07-07,9,272210,한화시스템,77500,70400,0.0,-9.16,-9.16,absolute_loss,flow_weakening,외국인/기관 매수상위 제외 — 수급 약화 추정,3
2026-07-07,5D,2026-06-29,2026-07-07,10,007660,이수페타시스,109700,98000,0.0,-10.67,-10.67,absolute_loss,flow_weakening,외국인/기관 매수상위 제외 — 수급 약화 추정,4
2026-07-07,5D,2026-06-29,2026-07-07,15,005930,삼성전자,323000,296000,0.0,-8.36,-8.36,absolute_loss,flow_weakening,외국인/기관 매수상위 제외 — 수급 약화 추정,2
2026-07-07,5D,2026-06-29,2026-07-07,16,000660,SK하이닉스,2628000,2201000,0.0,-16.25,-16.25,absolute_loss,flow_weakening,외국인/기관 매수상위 제외 — 수급 약화 추정,2
2026-07-07,5D,2026-06-29,2026-07-07,17,047040,대우건설,19810,16820,0.0,-15.09,-15.09,absolute_loss,volume_drop,거래량 급감 (-46.0%) — 관심 식음,3
2026-07-07,5D,2026-06-29,2026-07-07,19,028050,삼성E&A,47650,47550,0.0,-0.21,-0.21,absolute_loss,volume_drop,거래량 급감 (-31.9%) — 관심 식음,3
2026-07-07,5D,2026-06-29,2026-07-07,20,086520,에코프로,118000,84400,0.0,-28.47,-28.47,absolute_loss,volume_drop,거래량 급감 (-60.8%) — 관심 식음,3
